tf	tissue	model	path
AR	Prostate	AR_Prostate	/beagle3/haky/users/temi/projects/TFPred-snakemake/data/ENPACT_734_2025-04-24/models/AR_Prostate/AR_Prostate_2025-04-24.logistic.rds
CTCF	Blood	CTCF_Blood	/beagle3/haky/users/temi/projects/TFPred-snakemake/data/ENPACT_734_2025-04-24/models/CTCF_Blood/CTCF_Blood_2025-04-24.logistic.rds
CTCF	BoneMarrow	CTCF_BoneMarrow	/beagle3/haky/users/temi/projects/TFPred-snakemake/data/ENPACT_734_2025-04-24/models/CTCF_BoneMarrow/CTCF_BoneMarrow_2025-04-24.logistic.rds
CTCF	Brain	CTCF_Brain	/beagle3/haky/users/temi/projects/TFPred-snakemake/data/ENPACT_734_2025-04-24/models/CTCF_Brain/CTCF_Brain_2025-04-24.logistic.rds
CTCF	Breast	CTCF_Breast	/beagle3/haky/users/temi/projects/TFPred-snakemake/data/ENPACT_734_2025-04-24/models/CTCF_Breast/CTCF_Breast_2025-04-24.logistic.rds
CTCF	Colon	CTCF_Colon	/beagle3/haky/users/temi/projects/TFPred-snakemake/data/ENPACT_734_2025-04-24/models/CTCF_Colon/CTCF_Colon_2025-04-24.logistic.rds
CTCF	Embryo	CTCF_Embryo	/beagle3/haky/users/temi/projects/TFPred-snakemake/data/ENPACT_734_2025-04-24/models/CTCF_Embryo/CTCF_Embryo_2025-04-24.logistic.rds
CTCF	EmbryonicKidney	CTCF_EmbryonicKidney	/beagle3/haky/users/temi/projects/TFPred-snakemake/data/ENPACT_734_2025-04-24/models/CTCF_EmbryonicKidney/CTCF_EmbryonicKidney_2025-04-24.logistic.rds
CTCF	Liver	CTCF_Liver	/beagle3/haky/users/temi/projects/TFPred-snakemake/data/ENPACT_734_2025-04-24/models/CTCF_Liver/CTCF_Liver_2025-04-24.logistic.rds
CTCF	Lung	CTCF_Lung	/beagle3/haky/users/temi/projects/TFPred-snakemake/data/ENPACT_734_2025-04-24/models/CTCF_Lung/CTCF_Lung_2025-04-24.logistic.rds
CTCF	MammaryGland	CTCF_MammaryGland	/beagle3/haky/users/temi/projects/TFPred-snakemake/data/ENPACT_734_2025-04-24/models/CTCF_MammaryGland/CTCF_MammaryGland_2025-04-24.logistic.rds
CTCF	Skin	CTCF_Skin	/beagle3/haky/users/temi/projects/TFPred-snakemake/data/ENPACT_734_2025-04-24/models/CTCF_Skin/CTCF_Skin_2025-04-24.logistic.rds
CTCF	UmbilicalVein	CTCF_UmbilicalVein	/beagle3/haky/users/temi/projects/TFPred-snakemake/data/ENPACT_734_2025-04-24/models/CTCF_UmbilicalVein/CTCF_UmbilicalVein_2025-04-24.logistic.rds
E2F1	Prostate	E2F1_Prostate	/beagle3/haky/users/temi/projects/TFPred-snakemake/data/ENPACT_734_2025-04-24/models/E2F1_Prostate/E2F1_Prostate_2025-04-24.logistic.rds
ERG	Prostate	ERG_Prostate	/beagle3/haky/users/temi/projects/TFPred-snakemake/data/ENPACT_734_2025-04-24/models/ERG_Prostate/ERG_Prostate_2025-04-24.logistic.rds
ESR1	Breast	ESR1_Breast	/beagle3/haky/users/temi/projects/TFPred-snakemake/data/ENPACT_734_2025-04-24/models/ESR1_Breast/ESR1_Breast_2025-04-24.logistic.rds
ESR1	MammaryGland	ESR1_MammaryGland	/beagle3/haky/users/temi/projects/TFPred-snakemake/data/ENPACT_734_2025-04-24/models/ESR1_MammaryGland/ESR1_MammaryGland_2025-04-24.logistic.rds
FOSL2	Lung	FOSL2_Lung	/beagle3/haky/users/temi/projects/TFPred-snakemake/data/ENPACT_734_2025-04-24/models/FOSL2_Lung/FOSL2_Lung_2025-04-24.logistic.rds
FOXA1	Breast	FOXA1_Breast	/beagle3/haky/users/temi/projects/TFPred-snakemake/data/ENPACT_734_2025-04-24/models/FOXA1_Breast/FOXA1_Breast_2025-04-24.logistic.rds
FOXA1	MammaryGland	FOXA1_MammaryGland	/beagle3/haky/users/temi/projects/TFPred-snakemake/data/ENPACT_734_2025-04-24/models/FOXA1_MammaryGland/FOXA1_MammaryGland_2025-04-24.logistic.rds
FOXA1	Prostate	FOXA1_Prostate	/beagle3/haky/users/temi/projects/TFPred-snakemake/data/ENPACT_734_2025-04-24/models/FOXA1_Prostate/FOXA1_Prostate_2025-04-24.logistic.rds
FOXA2	Skin	FOXA2_Skin	/beagle3/haky/users/temi/projects/TFPred-snakemake/data/ENPACT_734_2025-04-24/models/FOXA2_Skin/FOXA2_Skin_2025-04-24.logistic.rds
FOXM1	Breast	FOXM1_Breast	/beagle3/haky/users/temi/projects/TFPred-snakemake/data/ENPACT_734_2025-04-24/models/FOXM1_Breast/FOXM1_Breast_2025-04-24.logistic.rds
GATA1	BoneMarrow	GATA1_BoneMarrow	/beagle3/haky/users/temi/projects/TFPred-snakemake/data/ENPACT_734_2025-04-24/models/GATA1_BoneMarrow/GATA1_BoneMarrow_2025-04-24.logistic.rds
GATA2	BoneMarrow	GATA2_BoneMarrow	/beagle3/haky/users/temi/projects/TFPred-snakemake/data/ENPACT_734_2025-04-24/models/GATA2_BoneMarrow/GATA2_BoneMarrow_2025-04-24.logistic.rds
GATA2	Prostate	GATA2_Prostate	/beagle3/haky/users/temi/projects/TFPred-snakemake/data/ENPACT_734_2025-04-24/models/GATA2_Prostate/GATA2_Prostate_2025-04-24.logistic.rds
GATA3	Breast	GATA3_Breast	/beagle3/haky/users/temi/projects/TFPred-snakemake/data/ENPACT_734_2025-04-24/models/GATA3_Breast/GATA3_Breast_2025-04-24.logistic.rds
GATA3	MammaryGland	GATA3_MammaryGland	/beagle3/haky/users/temi/projects/TFPred-snakemake/data/ENPACT_734_2025-04-24/models/GATA3_MammaryGland/GATA3_MammaryGland_2025-04-24.logistic.rds
GATA4	Embryo	GATA4_Embryo	/beagle3/haky/users/temi/projects/TFPred-snakemake/data/ENPACT_734_2025-04-24/models/GATA4_Embryo/GATA4_Embryo_2025-04-24.logistic.rds
HOXB13	Prostate	HOXB13_Prostate	/beagle3/haky/users/temi/projects/TFPred-snakemake/data/ENPACT_734_2025-04-24/models/HOXB13_Prostate/HOXB13_Prostate_2025-04-24.logistic.rds
MYC	Blood	MYC_Blood	/beagle3/haky/users/temi/projects/TFPred-snakemake/data/ENPACT_734_2025-04-24/models/MYC_Blood/MYC_Blood_2025-04-24.logistic.rds
MYC	BoneMarrow	MYC_BoneMarrow	/beagle3/haky/users/temi/projects/TFPred-snakemake/data/ENPACT_734_2025-04-24/models/MYC_BoneMarrow/MYC_BoneMarrow_2025-04-24.logistic.rds
MYC	Breast	MYC_Breast	/beagle3/haky/users/temi/projects/TFPred-snakemake/data/ENPACT_734_2025-04-24/models/MYC_Breast/MYC_Breast_2025-04-24.logistic.rds
MYC	Colon	MYC_Colon	/beagle3/haky/users/temi/projects/TFPred-snakemake/data/ENPACT_734_2025-04-24/models/MYC_Colon/MYC_Colon_2025-04-24.logistic.rds
NANOG	Embryo	NANOG_Embryo	/beagle3/haky/users/temi/projects/TFPred-snakemake/data/ENPACT_734_2025-04-24/models/NANOG_Embryo/NANOG_Embryo_2025-04-24.logistic.rds
NEUROG2	FetalLung	NEUROG2_FetalLung	/beagle3/haky/users/temi/projects/TFPred-snakemake/data/ENPACT_734_2025-04-24/models/NEUROG2_FetalLung/NEUROG2_FetalLung_2025-04-24.logistic.rds
NR3C1	Breast	NR3C1_Breast	/beagle3/haky/users/temi/projects/TFPred-snakemake/data/ENPACT_734_2025-04-24/models/NR3C1_Breast/NR3C1_Breast_2025-04-24.logistic.rds
NR3C1	Lung	NR3C1_Lung	/beagle3/haky/users/temi/projects/TFPred-snakemake/data/ENPACT_734_2025-04-24/models/NR3C1_Lung/NR3C1_Lung_2025-04-24.logistic.rds
POU5F1	Embryo	POU5F1_Embryo	/beagle3/haky/users/temi/projects/TFPred-snakemake/data/ENPACT_734_2025-04-24/models/POU5F1_Embryo/POU5F1_Embryo_2025-04-24.logistic.rds
PPARG	Adipose	PPARG_Adipose	/beagle3/haky/users/temi/projects/TFPred-snakemake/data/ENPACT_734_2025-04-24/models/PPARG_Adipose/PPARG_Adipose_2025-04-24.logistic.rds
RELA	Blood	RELA_Blood	/beagle3/haky/users/temi/projects/TFPred-snakemake/data/ENPACT_734_2025-04-24/models/RELA_Blood/RELA_Blood_2025-04-24.logistic.rds
REST	Blood	REST_Blood	/beagle3/haky/users/temi/projects/TFPred-snakemake/data/ENPACT_734_2025-04-24/models/REST_Blood/REST_Blood_2025-04-24.logistic.rds
RUNX1	Blood	RUNX1_Blood	/beagle3/haky/users/temi/projects/TFPred-snakemake/data/ENPACT_734_2025-04-24/models/RUNX1_Blood/RUNX1_Blood_2025-04-24.logistic.rds
SP1	Colon	SP1_Colon	/beagle3/haky/users/temi/projects/TFPred-snakemake/data/ENPACT_734_2025-04-24/models/SP1_Colon/SP1_Colon_2025-04-24.logistic.rds
SPI1	Blood	SPI1_Blood	/beagle3/haky/users/temi/projects/TFPred-snakemake/data/ENPACT_734_2025-04-24/models/SPI1_Blood/SPI1_Blood_2025-04-24.logistic.rds
TAL1	BoneMarrow	TAL1_BoneMarrow	/beagle3/haky/users/temi/projects/TFPred-snakemake/data/ENPACT_734_2025-04-24/models/TAL1_BoneMarrow/TAL1_BoneMarrow_2025-04-24.logistic.rds
VDR	Blood	VDR_Blood	/beagle3/haky/users/temi/projects/TFPred-snakemake/data/ENPACT_734_2025-04-24/models/VDR_Blood/VDR_Blood_2025-04-24.logistic.rds
YY1	Blood	YY1_Blood	/beagle3/haky/users/temi/projects/TFPred-snakemake/data/ENPACT_734_2025-04-24/models/YY1_Blood/YY1_Blood_2025-04-24.logistic.rds
AR	Breast	AR_Breast	/beagle3/haky/users/temi/projects/TFPred-snakemake/data/ENPACT_734_2024-07-26/models/AR_Breast/AR_Breast_2024-07-26.logistic.rds
AR	EmbryonicKidney	AR_EmbryonicKidney	/beagle3/haky/users/temi/projects/TFPred-snakemake/data/ENPACT_734_2024-07-26/models/AR_EmbryonicKidney/AR_EmbryonicKidney_2024-07-26.logistic.rds
AR	MammaryGland	AR_MammaryGland	/beagle3/haky/users/temi/projects/TFPred-snakemake/data/ENPACT_734_2024-07-26/models/AR_MammaryGland/AR_MammaryGland_2024-07-26.logistic.rds
ARNT	BoneMarrow	ARNT_BoneMarrow	/beagle3/haky/users/temi/projects/TFPred-snakemake/data/ENPACT_734_2024-07-26/models/ARNT_BoneMarrow/ARNT_BoneMarrow_2024-07-26.logistic.rds
ARNT	Breast	ARNT_Breast	/beagle3/haky/users/temi/projects/TFPred-snakemake/data/ENPACT_734_2024-07-26/models/ARNT_Breast/ARNT_Breast_2024-07-26.logistic.rds
ARNT	Kidney	ARNT_Kidney	/beagle3/haky/users/temi/projects/TFPred-snakemake/data/ENPACT_734_2024-07-26/models/ARNT_Kidney/ARNT_Kidney_2024-07-26.logistic.rds
ASCL1	Lung	ASCL1_Lung	/beagle3/haky/users/temi/projects/TFPred-snakemake/data/ENPACT_734_2024-07-26/models/ASCL1_Lung/ASCL1_Lung_2024-07-26.logistic.rds
ASCL1	Skin	ASCL1_Skin	/beagle3/haky/users/temi/projects/TFPred-snakemake/data/ENPACT_734_2024-07-26/models/ASCL1_Skin/ASCL1_Skin_2024-07-26.logistic.rds
ATF1	BoneMarrow	ATF1_BoneMarrow	/beagle3/haky/users/temi/projects/TFPred-snakemake/data/ENPACT_734_2024-07-26/models/ATF1_BoneMarrow/ATF1_BoneMarrow_2024-07-26.logistic.rds
ATF1	Liver	ATF1_Liver	/beagle3/haky/users/temi/projects/TFPred-snakemake/data/ENPACT_734_2024-07-26/models/ATF1_Liver/ATF1_Liver_2024-07-26.logistic.rds
ATF2	Blood	ATF2_Blood	/beagle3/haky/users/temi/projects/TFPred-snakemake/data/ENPACT_734_2024-07-26/models/ATF2_Blood/ATF2_Blood_2024-07-26.logistic.rds
ATF2	Colon	ATF2_Colon	/beagle3/haky/users/temi/projects/TFPred-snakemake/data/ENPACT_734_2024-07-26/models/ATF2_Colon/ATF2_Colon_2024-07-26.logistic.rds
ATF2	Embryo	ATF2_Embryo	/beagle3/haky/users/temi/projects/TFPred-snakemake/data/ENPACT_734_2024-07-26/models/ATF2_Embryo/ATF2_Embryo_2024-07-26.logistic.rds
ATF2	EmbryonicKidney	ATF2_EmbryonicKidney	/beagle3/haky/users/temi/projects/TFPred-snakemake/data/ENPACT_734_2024-07-26/models/ATF2_EmbryonicKidney/ATF2_EmbryonicKidney_2024-07-26.logistic.rds
ATF3	Blood	ATF3_Blood	/beagle3/haky/users/temi/projects/TFPred-snakemake/data/ENPACT_734_2024-07-26/models/ATF3_Blood/ATF3_Blood_2024-07-26.logistic.rds
ATF3	BoneMarrow	ATF3_BoneMarrow	/beagle3/haky/users/temi/projects/TFPred-snakemake/data/ENPACT_734_2024-07-26/models/ATF3_BoneMarrow/ATF3_BoneMarrow_2024-07-26.logistic.rds
ATF3	Colon	ATF3_Colon	/beagle3/haky/users/temi/projects/TFPred-snakemake/data/ENPACT_734_2024-07-26/models/ATF3_Colon/ATF3_Colon_2024-07-26.logistic.rds
ATF3	Embryo	ATF3_Embryo	/beagle3/haky/users/temi/projects/TFPred-snakemake/data/ENPACT_734_2024-07-26/models/ATF3_Embryo/ATF3_Embryo_2024-07-26.logistic.rds
ATF3	Liver	ATF3_Liver	/beagle3/haky/users/temi/projects/TFPred-snakemake/data/ENPACT_734_2024-07-26/models/ATF3_Liver/ATF3_Liver_2024-07-26.logistic.rds
ATF3	Lung	ATF3_Lung	/beagle3/haky/users/temi/projects/TFPred-snakemake/data/ENPACT_734_2024-07-26/models/ATF3_Lung/ATF3_Lung_2024-07-26.logistic.rds
ATF3	Skin	ATF3_Skin	/beagle3/haky/users/temi/projects/TFPred-snakemake/data/ENPACT_734_2024-07-26/models/ATF3_Skin/ATF3_Skin_2024-07-26.logistic.rds
ATF4	Liver	ATF4_Liver	/beagle3/haky/users/temi/projects/TFPred-snakemake/data/ENPACT_734_2024-07-26/models/ATF4_Liver/ATF4_Liver_2024-07-26.logistic.rds
BACH1	BoneMarrow	BACH1_BoneMarrow	/beagle3/haky/users/temi/projects/TFPred-snakemake/data/ENPACT_734_2024-07-26/models/BACH1_BoneMarrow/BACH1_BoneMarrow_2024-07-26.logistic.rds
BACH1	Embryo	BACH1_Embryo	/beagle3/haky/users/temi/projects/TFPred-snakemake/data/ENPACT_734_2024-07-26/models/BACH1_Embryo/BACH1_Embryo_2024-07-26.logistic.rds
BACH2	Blood	BACH2_Blood	/beagle3/haky/users/temi/projects/TFPred-snakemake/data/ENPACT_734_2024-07-26/models/BACH2_Blood/BACH2_Blood_2024-07-26.logistic.rds
BATF	Blood	BATF_Blood	/beagle3/haky/users/temi/projects/TFPred-snakemake/data/ENPACT_734_2024-07-26/models/BATF_Blood/BATF_Blood_2024-07-26.logistic.rds
BATF	BoneMarrow	BATF_BoneMarrow	/beagle3/haky/users/temi/projects/TFPred-snakemake/data/ENPACT_734_2024-07-26/models/BATF_BoneMarrow/BATF_BoneMarrow_2024-07-26.logistic.rds
BCL11A	Blood	BCL11A_Blood	/beagle3/haky/users/temi/projects/TFPred-snakemake/data/ENPACT_734_2024-07-26/models/BCL11A_Blood/BCL11A_Blood_2024-07-26.logistic.rds
BCL11A	EmbryonicKidney	BCL11A_EmbryonicKidney	/beagle3/haky/users/temi/projects/TFPred-snakemake/data/ENPACT_734_2024-07-26/models/BCL11A_EmbryonicKidney/BCL11A_EmbryonicKidney_2024-07-26.logistic.rds
BCL6	Blood	BCL6_Blood	/beagle3/haky/users/temi/projects/TFPred-snakemake/data/ENPACT_734_2024-07-26/models/BCL6_Blood/BCL6_Blood_2024-07-26.logistic.rds
BCL6	BoneMarrow	BCL6_BoneMarrow	/beagle3/haky/users/temi/projects/TFPred-snakemake/data/ENPACT_734_2024-07-26/models/BCL6_BoneMarrow/BCL6_BoneMarrow_2024-07-26.logistic.rds
BCL6	Tonsil	BCL6_Tonsil	/beagle3/haky/users/temi/projects/TFPred-snakemake/data/ENPACT_734_2024-07-26/models/BCL6_Tonsil/BCL6_Tonsil_2024-07-26.logistic.rds
BHLHE40	Blood	BHLHE40_Blood	/beagle3/haky/users/temi/projects/TFPred-snakemake/data/ENPACT_734_2024-07-26/models/BHLHE40_Blood/BHLHE40_Blood_2024-07-26.logistic.rds
BHLHE40	BoneMarrow	BHLHE40_BoneMarrow	/beagle3/haky/users/temi/projects/TFPred-snakemake/data/ENPACT_734_2024-07-26/models/BHLHE40_BoneMarrow/BHLHE40_BoneMarrow_2024-07-26.logistic.rds
BHLHE40	Liver	BHLHE40_Liver	/beagle3/haky/users/temi/projects/TFPred-snakemake/data/ENPACT_734_2024-07-26/models/BHLHE40_Liver/BHLHE40_Liver_2024-07-26.logistic.rds
BHLHE40	Lung	BHLHE40_Lung	/beagle3/haky/users/temi/projects/TFPred-snakemake/data/ENPACT_734_2024-07-26/models/BHLHE40_Lung/BHLHE40_Lung_2024-07-26.logistic.rds
CDX2	Colon	CDX2_Colon	/beagle3/haky/users/temi/projects/TFPred-snakemake/data/ENPACT_734_2024-07-26/models/CDX2_Colon/CDX2_Colon_2024-07-26.logistic.rds
CEBPA	Adipose	CEBPA_Adipose	/beagle3/haky/users/temi/projects/TFPred-snakemake/data/ENPACT_734_2024-07-26/models/CEBPA_Adipose/CEBPA_Adipose_2024-07-26.logistic.rds
CEBPA	Blood	CEBPA_Blood	/beagle3/haky/users/temi/projects/TFPred-snakemake/data/ENPACT_734_2024-07-26/models/CEBPA_Blood/CEBPA_Blood_2024-07-26.logistic.rds
CEBPA	BoneMarrow	CEBPA_BoneMarrow	/beagle3/haky/users/temi/projects/TFPred-snakemake/data/ENPACT_734_2024-07-26/models/CEBPA_BoneMarrow/CEBPA_BoneMarrow_2024-07-26.logistic.rds
CEBPA	Liver	CEBPA_Liver	/beagle3/haky/users/temi/projects/TFPred-snakemake/data/ENPACT_734_2024-07-26/models/CEBPA_Liver/CEBPA_Liver_2024-07-26.logistic.rds
CEBPA	Pleura	CEBPA_Pleura	/beagle3/haky/users/temi/projects/TFPred-snakemake/data/ENPACT_734_2024-07-26/models/CEBPA_Pleura/CEBPA_Pleura_2024-07-26.logistic.rds
CLOCK	Bone	CLOCK_Bone	/beagle3/haky/users/temi/projects/TFPred-snakemake/data/ENPACT_734_2024-07-26/models/CLOCK_Bone/CLOCK_Bone_2024-07-26.logistic.rds
CLOCK	Colon	CLOCK_Colon	/beagle3/haky/users/temi/projects/TFPred-snakemake/data/ENPACT_734_2024-07-26/models/CLOCK_Colon/CLOCK_Colon_2024-07-26.logistic.rds
CREB1	Blood	CREB1_Blood	/beagle3/haky/users/temi/projects/TFPred-snakemake/data/ENPACT_734_2024-07-26/models/CREB1_Blood/CREB1_Blood_2024-07-26.logistic.rds
CREB1	BoneMarrow	CREB1_BoneMarrow	/beagle3/haky/users/temi/projects/TFPred-snakemake/data/ENPACT_734_2024-07-26/models/CREB1_BoneMarrow/CREB1_BoneMarrow_2024-07-26.logistic.rds
CREB1	Colon	CREB1_Colon	/beagle3/haky/users/temi/projects/TFPred-snakemake/data/ENPACT_734_2024-07-26/models/CREB1_Colon/CREB1_Colon_2024-07-26.logistic.rds
CREB1	Embryo	CREB1_Embryo	/beagle3/haky/users/temi/projects/TFPred-snakemake/data/ENPACT_734_2024-07-26/models/CREB1_Embryo/CREB1_Embryo_2024-07-26.logistic.rds
CREB1	Endometrium	CREB1_Endometrium	/beagle3/haky/users/temi/projects/TFPred-snakemake/data/ENPACT_734_2024-07-26/models/CREB1_Endometrium/CREB1_Endometrium_2024-07-26.logistic.rds
CREB1	Liver	CREB1_Liver	/beagle3/haky/users/temi/projects/TFPred-snakemake/data/ENPACT_734_2024-07-26/models/CREB1_Liver/CREB1_Liver_2024-07-26.logistic.rds
CREB1	Lung	CREB1_Lung	/beagle3/haky/users/temi/projects/TFPred-snakemake/data/ENPACT_734_2024-07-26/models/CREB1_Lung/CREB1_Lung_2024-07-26.logistic.rds
CREB1	MammaryGland	CREB1_MammaryGland	/beagle3/haky/users/temi/projects/TFPred-snakemake/data/ENPACT_734_2024-07-26/models/CREB1_MammaryGland/CREB1_MammaryGland_2024-07-26.logistic.rds
CREB1	Prostate	CREB1_Prostate	/beagle3/haky/users/temi/projects/TFPred-snakemake/data/ENPACT_734_2024-07-26/models/CREB1_Prostate/CREB1_Prostate_2024-07-26.logistic.rds
CTCF	Adipose	CTCF_Adipose	/beagle3/haky/users/temi/projects/TFPred-snakemake/data/ENPACT_734_2024-07-26/models/CTCF_Adipose/CTCF_Adipose_2024-07-26.logistic.rds
CTCF	Bone	CTCF_Bone	/beagle3/haky/users/temi/projects/TFPred-snakemake/data/ENPACT_734_2024-07-26/models/CTCF_Bone/CTCF_Bone_2024-07-26.logistic.rds
CTCF	Cerebellum	CTCF_Cerebellum	/beagle3/haky/users/temi/projects/TFPred-snakemake/data/ENPACT_734_2024-07-26/models/CTCF_Cerebellum/CTCF_Cerebellum_2024-07-26.logistic.rds
CTCF	Cervix	CTCF_Cervix	/beagle3/haky/users/temi/projects/TFPred-snakemake/data/ENPACT_734_2024-07-26/models/CTCF_Cervix/CTCF_Cervix_2024-07-26.logistic.rds
CTCF	ConnectiveTissue	CTCF_ConnectiveTissue	/beagle3/haky/users/temi/projects/TFPred-snakemake/data/ENPACT_734_2024-07-26/models/CTCF_ConnectiveTissue/CTCF_ConnectiveTissue_2024-07-26.logistic.rds
CTCF	Cordblood	CTCF_Cordblood	/beagle3/haky/users/temi/projects/TFPred-snakemake/data/ENPACT_734_2024-07-26/models/CTCF_Cordblood/CTCF_Cordblood_2024-07-26.logistic.rds
CTCF	Endometrium	CTCF_Endometrium	/beagle3/haky/users/temi/projects/TFPred-snakemake/data/ENPACT_734_2024-07-26/models/CTCF_Endometrium/CTCF_Endometrium_2024-07-26.logistic.rds
CTCF	Esophagus	CTCF_Esophagus	/beagle3/haky/users/temi/projects/TFPred-snakemake/data/ENPACT_734_2024-07-26/models/CTCF_Esophagus/CTCF_Esophagus_2024-07-26.logistic.rds
CTCF	Eye	CTCF_Eye	/beagle3/haky/users/temi/projects/TFPred-snakemake/data/ENPACT_734_2024-07-26/models/CTCF_Eye/CTCF_Eye_2024-07-26.logistic.rds
CTCF	FetalLiver	CTCF_FetalLiver	/beagle3/haky/users/temi/projects/TFPred-snakemake/data/ENPACT_734_2024-07-26/models/CTCF_FetalLiver/CTCF_FetalLiver_2024-07-26.logistic.rds
CTCF	FetalLung	CTCF_FetalLung	/beagle3/haky/users/temi/projects/TFPred-snakemake/data/ENPACT_734_2024-07-26/models/CTCF_FetalLung/CTCF_FetalLung_2024-07-26.logistic.rds
CTCF	Foreskin	CTCF_Foreskin	/beagle3/haky/users/temi/projects/TFPred-snakemake/data/ENPACT_734_2024-07-26/models/CTCF_Foreskin/CTCF_Foreskin_2024-07-26.logistic.rds
CTCF	gastroesophagealsphincter	CTCF_gastroesophagealsphincter	/beagle3/haky/users/temi/projects/TFPred-snakemake/data/ENPACT_734_2024-07-26/models/CTCF_gastroesophagealsphincter/CTCF_gastroesophagealsphincter_2024-07-26.logistic.rds
CTCF	Gingiva	CTCF_Gingiva	/beagle3/haky/users/temi/projects/TFPred-snakemake/data/ENPACT_734_2024-07-26/models/CTCF_Gingiva/CTCF_Gingiva_2024-07-26.logistic.rds
CTCF	Heart	CTCF_Heart	/beagle3/haky/users/temi/projects/TFPred-snakemake/data/ENPACT_734_2024-07-26/models/CTCF_Heart/CTCF_Heart_2024-07-26.logistic.rds
CTCF	Kidney	CTCF_Kidney	/beagle3/haky/users/temi/projects/TFPred-snakemake/data/ENPACT_734_2024-07-26/models/CTCF_Kidney/CTCF_Kidney_2024-07-26.logistic.rds
CTCF	Pancreas	CTCF_Pancreas	/beagle3/haky/users/temi/projects/TFPred-snakemake/data/ENPACT_734_2024-07-26/models/CTCF_Pancreas/CTCF_Pancreas_2024-07-26.logistic.rds
CTCF	PancreaticIslet	CTCF_PancreaticIslet	/beagle3/haky/users/temi/projects/TFPred-snakemake/data/ENPACT_734_2024-07-26/models/CTCF_PancreaticIslet/CTCF_PancreaticIslet_2024-07-26.logistic.rds
CTCF	Prostate	CTCF_Prostate	/beagle3/haky/users/temi/projects/TFPred-snakemake/data/ENPACT_734_2024-07-26/models/CTCF_Prostate/CTCF_Prostate_2024-07-26.logistic.rds
CTCF	PulmonaryArtery	CTCF_PulmonaryArtery	/beagle3/haky/users/temi/projects/TFPred-snakemake/data/ENPACT_734_2024-07-26/models/CTCF_PulmonaryArtery/CTCF_PulmonaryArtery_2024-07-26.logistic.rds
CTCF	Retina	CTCF_Retina	/beagle3/haky/users/temi/projects/TFPred-snakemake/data/ENPACT_734_2024-07-26/models/CTCF_Retina/CTCF_Retina_2024-07-26.logistic.rds
CTCF	SigmoidColon	CTCF_SigmoidColon	/beagle3/haky/users/temi/projects/TFPred-snakemake/data/ENPACT_734_2024-07-26/models/CTCF_SigmoidColon/CTCF_SigmoidColon_2024-07-26.logistic.rds
CTCF	SkeletalMuscle	CTCF_SkeletalMuscle	/beagle3/haky/users/temi/projects/TFPred-snakemake/data/ENPACT_734_2024-07-26/models/CTCF_SkeletalMuscle/CTCF_SkeletalMuscle_2024-07-26.logistic.rds
CTCF	SpinalCord	CTCF_SpinalCord	/beagle3/haky/users/temi/projects/TFPred-snakemake/data/ENPACT_734_2024-07-26/models/CTCF_SpinalCord/CTCF_SpinalCord_2024-07-26.logistic.rds
CTCF	Spleen	CTCF_Spleen	/beagle3/haky/users/temi/projects/TFPred-snakemake/data/ENPACT_734_2024-07-26/models/CTCF_Spleen/CTCF_Spleen_2024-07-26.logistic.rds
CTCF	Stomach	CTCF_Stomach	/beagle3/haky/users/temi/projects/TFPred-snakemake/data/ENPACT_734_2024-07-26/models/CTCF_Stomach/CTCF_Stomach_2024-07-26.logistic.rds
CTCFL	BoneMarrow	CTCFL_BoneMarrow	/beagle3/haky/users/temi/projects/TFPred-snakemake/data/ENPACT_734_2024-07-26/models/CTCFL_BoneMarrow/CTCFL_BoneMarrow_2024-07-26.logistic.rds
CTCFL	Breast	CTCFL_Breast	/beagle3/haky/users/temi/projects/TFPred-snakemake/data/ENPACT_734_2024-07-26/models/CTCFL_Breast/CTCFL_Breast_2024-07-26.logistic.rds
CTCFL	Colon	CTCFL_Colon	/beagle3/haky/users/temi/projects/TFPred-snakemake/data/ENPACT_734_2024-07-26/models/CTCFL_Colon/CTCFL_Colon_2024-07-26.logistic.rds
CUX1	Blood	CUX1_Blood	/beagle3/haky/users/temi/projects/TFPred-snakemake/data/ENPACT_734_2024-07-26/models/CUX1_Blood/CUX1_Blood_2024-07-26.logistic.rds
CUX1	BoneMarrow	CUX1_BoneMarrow	/beagle3/haky/users/temi/projects/TFPred-snakemake/data/ENPACT_734_2024-07-26/models/CUX1_BoneMarrow/CUX1_BoneMarrow_2024-07-26.logistic.rds
CUX1	Breast	CUX1_Breast	/beagle3/haky/users/temi/projects/TFPred-snakemake/data/ENPACT_734_2024-07-26/models/CUX1_Breast/CUX1_Breast_2024-07-26.logistic.rds
DLX1	Colon	DLX1_Colon	/beagle3/haky/users/temi/projects/TFPred-snakemake/data/ENPACT_734_2024-07-26/models/DLX1_Colon/DLX1_Colon_2024-07-26.logistic.rds
DMC1	Testis	DMC1_Testis	/beagle3/haky/users/temi/projects/TFPred-snakemake/data/ENPACT_734_2024-07-26/models/DMC1_Testis/DMC1_Testis_2024-07-26.logistic.rds
DUX4	Muscle	DUX4_Muscle	/beagle3/haky/users/temi/projects/TFPred-snakemake/data/ENPACT_734_2024-07-26/models/DUX4_Muscle/DUX4_Muscle_2024-07-26.logistic.rds
DUX4	SkeletalMuscle	DUX4_SkeletalMuscle	/beagle3/haky/users/temi/projects/TFPred-snakemake/data/ENPACT_734_2024-07-26/models/DUX4_SkeletalMuscle/DUX4_SkeletalMuscle_2024-07-26.logistic.rds
E2F1	Blood	E2F1_Blood	/beagle3/haky/users/temi/projects/TFPred-snakemake/data/ENPACT_734_2024-07-26/models/E2F1_Blood/E2F1_Blood_2024-07-26.logistic.rds
E2F1	BoneMarrow	E2F1_BoneMarrow	/beagle3/haky/users/temi/projects/TFPred-snakemake/data/ENPACT_734_2024-07-26/models/E2F1_BoneMarrow/E2F1_BoneMarrow_2024-07-26.logistic.rds
E2F1	Breast	E2F1_Breast	/beagle3/haky/users/temi/projects/TFPred-snakemake/data/ENPACT_734_2024-07-26/models/E2F1_Breast/E2F1_Breast_2024-07-26.logistic.rds
E2F1	Cervix	E2F1_Cervix	/beagle3/haky/users/temi/projects/TFPred-snakemake/data/ENPACT_734_2024-07-26/models/E2F1_Cervix/E2F1_Cervix_2024-07-26.logistic.rds
E2F1	MammaryGland	E2F1_MammaryGland	/beagle3/haky/users/temi/projects/TFPred-snakemake/data/ENPACT_734_2024-07-26/models/E2F1_MammaryGland/E2F1_MammaryGland_2024-07-26.logistic.rds
E2F1	UmbilicalCord	E2F1_UmbilicalCord	/beagle3/haky/users/temi/projects/TFPred-snakemake/data/ENPACT_734_2024-07-26/models/E2F1_UmbilicalCord/E2F1_UmbilicalCord_2024-07-26.logistic.rds
E2F3	Colon	E2F3_Colon	/beagle3/haky/users/temi/projects/TFPred-snakemake/data/ENPACT_734_2024-07-26/models/E2F3_Colon/E2F3_Colon_2024-07-26.logistic.rds
E2F4	Adipose	E2F4_Adipose	/beagle3/haky/users/temi/projects/TFPred-snakemake/data/ENPACT_734_2024-07-26/models/E2F4_Adipose/E2F4_Adipose_2024-07-26.logistic.rds
E2F4	Blood	E2F4_Blood	/beagle3/haky/users/temi/projects/TFPred-snakemake/data/ENPACT_734_2024-07-26/models/E2F4_Blood/E2F4_Blood_2024-07-26.logistic.rds
E2F4	BoneMarrow	E2F4_BoneMarrow	/beagle3/haky/users/temi/projects/TFPred-snakemake/data/ENPACT_734_2024-07-26/models/E2F4_BoneMarrow/E2F4_BoneMarrow_2024-07-26.logistic.rds
E2F4	Breast	E2F4_Breast	/beagle3/haky/users/temi/projects/TFPred-snakemake/data/ENPACT_734_2024-07-26/models/E2F4_Breast/E2F4_Breast_2024-07-26.logistic.rds
E2F4	Cervix	E2F4_Cervix	/beagle3/haky/users/temi/projects/TFPred-snakemake/data/ENPACT_734_2024-07-26/models/E2F4_Cervix/E2F4_Cervix_2024-07-26.logistic.rds
E2F6	BoneMarrow	E2F6_BoneMarrow	/beagle3/haky/users/temi/projects/TFPred-snakemake/data/ENPACT_734_2024-07-26/models/E2F6_BoneMarrow/E2F6_BoneMarrow_2024-07-26.logistic.rds
E2F6	Cervix	E2F6_Cervix	/beagle3/haky/users/temi/projects/TFPred-snakemake/data/ENPACT_734_2024-07-26/models/E2F6_Cervix/E2F6_Cervix_2024-07-26.logistic.rds
E2F6	Embryo	E2F6_Embryo	/beagle3/haky/users/temi/projects/TFPred-snakemake/data/ENPACT_734_2024-07-26/models/E2F6_Embryo/E2F6_Embryo_2024-07-26.logistic.rds
E2F6	Lung	E2F6_Lung	/beagle3/haky/users/temi/projects/TFPred-snakemake/data/ENPACT_734_2024-07-26/models/E2F6_Lung/E2F6_Lung_2024-07-26.logistic.rds
E2F7	Colon	E2F7_Colon	/beagle3/haky/users/temi/projects/TFPred-snakemake/data/ENPACT_734_2024-07-26/models/E2F7_Colon/E2F7_Colon_2024-07-26.logistic.rds
E2F7	Lung	E2F7_Lung	/beagle3/haky/users/temi/projects/TFPred-snakemake/data/ENPACT_734_2024-07-26/models/E2F7_Lung/E2F7_Lung_2024-07-26.logistic.rds
EBF1	Adipose	EBF1_Adipose	/beagle3/haky/users/temi/projects/TFPred-snakemake/data/ENPACT_734_2024-07-26/models/EBF1_Adipose/EBF1_Adipose_2024-07-26.logistic.rds
EBF1	Blood	EBF1_Blood	/beagle3/haky/users/temi/projects/TFPred-snakemake/data/ENPACT_734_2024-07-26/models/EBF1_Blood/EBF1_Blood_2024-07-26.logistic.rds
EGR1	Blood	EGR1_Blood	/beagle3/haky/users/temi/projects/TFPred-snakemake/data/ENPACT_734_2024-07-26/models/EGR1_Blood/EGR1_Blood_2024-07-26.logistic.rds
EGR1	BoneMarrow	EGR1_BoneMarrow	/beagle3/haky/users/temi/projects/TFPred-snakemake/data/ENPACT_734_2024-07-26/models/EGR1_BoneMarrow/EGR1_BoneMarrow_2024-07-26.logistic.rds
EGR1	Breast	EGR1_Breast	/beagle3/haky/users/temi/projects/TFPred-snakemake/data/ENPACT_734_2024-07-26/models/EGR1_Breast/EGR1_Breast_2024-07-26.logistic.rds
EGR1	Colon	EGR1_Colon	/beagle3/haky/users/temi/projects/TFPred-snakemake/data/ENPACT_734_2024-07-26/models/EGR1_Colon/EGR1_Colon_2024-07-26.logistic.rds
EGR1	Embryo	EGR1_Embryo	/beagle3/haky/users/temi/projects/TFPred-snakemake/data/ENPACT_734_2024-07-26/models/EGR1_Embryo/EGR1_Embryo_2024-07-26.logistic.rds
EGR1	Endometrium	EGR1_Endometrium	/beagle3/haky/users/temi/projects/TFPred-snakemake/data/ENPACT_734_2024-07-26/models/EGR1_Endometrium/EGR1_Endometrium_2024-07-26.logistic.rds
EGR2	EmbryonicKidney	EGR2_EmbryonicKidney	/beagle3/haky/users/temi/projects/TFPred-snakemake/data/ENPACT_734_2024-07-26/models/EGR2_EmbryonicKidney/EGR2_EmbryonicKidney_2024-07-26.logistic.rds
ELF1	Blood	ELF1_Blood	/beagle3/haky/users/temi/projects/TFPred-snakemake/data/ENPACT_734_2024-07-26/models/ELF1_Blood/ELF1_Blood_2024-07-26.logistic.rds
ELF1	BoneMarrow	ELF1_BoneMarrow	/beagle3/haky/users/temi/projects/TFPred-snakemake/data/ENPACT_734_2024-07-26/models/ELF1_BoneMarrow/ELF1_BoneMarrow_2024-07-26.logistic.rds
ELF1	Brain	ELF1_Brain	/beagle3/haky/users/temi/projects/TFPred-snakemake/data/ENPACT_734_2024-07-26/models/ELF1_Brain/ELF1_Brain_2024-07-26.logistic.rds
ELF1	Breast	ELF1_Breast	/beagle3/haky/users/temi/projects/TFPred-snakemake/data/ENPACT_734_2024-07-26/models/ELF1_Breast/ELF1_Breast_2024-07-26.logistic.rds
ELF1	Colon	ELF1_Colon	/beagle3/haky/users/temi/projects/TFPred-snakemake/data/ENPACT_734_2024-07-26/models/ELF1_Colon/ELF1_Colon_2024-07-26.logistic.rds
ELF1	Liver	ELF1_Liver	/beagle3/haky/users/temi/projects/TFPred-snakemake/data/ENPACT_734_2024-07-26/models/ELF1_Liver/ELF1_Liver_2024-07-26.logistic.rds
ELF1	Lung	ELF1_Lung	/beagle3/haky/users/temi/projects/TFPred-snakemake/data/ENPACT_734_2024-07-26/models/ELF1_Lung/ELF1_Lung_2024-07-26.logistic.rds
ELF3	Pancreaticductal	ELF3_Pancreaticductal	/beagle3/haky/users/temi/projects/TFPred-snakemake/data/ENPACT_734_2024-07-26/models/ELF3_Pancreaticductal/ELF3_Pancreaticductal_2024-07-26.logistic.rds
ELK1	Blood	ELK1_Blood	/beagle3/haky/users/temi/projects/TFPred-snakemake/data/ENPACT_734_2024-07-26/models/ELK1_Blood/ELK1_Blood_2024-07-26.logistic.rds
ELK1	BoneMarrow	ELK1_BoneMarrow	/beagle3/haky/users/temi/projects/TFPred-snakemake/data/ENPACT_734_2024-07-26/models/ELK1_BoneMarrow/ELK1_BoneMarrow_2024-07-26.logistic.rds
ELK1	Breast	ELK1_Breast	/beagle3/haky/users/temi/projects/TFPred-snakemake/data/ENPACT_734_2024-07-26/models/ELK1_Breast/ELK1_Breast_2024-07-26.logistic.rds
ELK1	Cervix	ELK1_Cervix	/beagle3/haky/users/temi/projects/TFPred-snakemake/data/ENPACT_734_2024-07-26/models/ELK1_Cervix/ELK1_Cervix_2024-07-26.logistic.rds
ELK4	Cervix	ELK4_Cervix	/beagle3/haky/users/temi/projects/TFPred-snakemake/data/ENPACT_734_2024-07-26/models/ELK4_Cervix/ELK4_Cervix_2024-07-26.logistic.rds
EOMES	Embryo	EOMES_Embryo	/beagle3/haky/users/temi/projects/TFPred-snakemake/data/ENPACT_734_2024-07-26/models/EOMES_Embryo/EOMES_Embryo_2024-07-26.logistic.rds
EPAS1	Kidney	EPAS1_Kidney	/beagle3/haky/users/temi/projects/TFPred-snakemake/data/ENPACT_734_2024-07-26/models/EPAS1_Kidney/EPAS1_Kidney_2024-07-26.logistic.rds
ERG	Blood	ERG_Blood	/beagle3/haky/users/temi/projects/TFPred-snakemake/data/ENPACT_734_2024-07-26/models/ERG_Blood/ERG_Blood_2024-07-26.logistic.rds
ERG	BoneMarrow	ERG_BoneMarrow	/beagle3/haky/users/temi/projects/TFPred-snakemake/data/ENPACT_734_2024-07-26/models/ERG_BoneMarrow/ERG_BoneMarrow_2024-07-26.logistic.rds
ERG	Breast	ERG_Breast	/beagle3/haky/users/temi/projects/TFPred-snakemake/data/ENPACT_734_2024-07-26/models/ERG_Breast/ERG_Breast_2024-07-26.logistic.rds
ESR1	Bone	ESR1_Bone	/beagle3/haky/users/temi/projects/TFPred-snakemake/data/ENPACT_734_2024-07-26/models/ESR1_Bone/ESR1_Bone_2024-07-26.logistic.rds
ESR1	endometrioidadenocarcinoma	ESR1_endometrioidadenocarcinoma	/beagle3/haky/users/temi/projects/TFPred-snakemake/data/ENPACT_734_2024-07-26/models/ESR1_endometrioidadenocarcinoma/ESR1_endometrioidadenocarcinoma_2024-07-26.logistic.rds
ESR1	Endometrium	ESR1_Endometrium	/beagle3/haky/users/temi/projects/TFPred-snakemake/data/ENPACT_734_2024-07-26/models/ESR1_Endometrium/ESR1_Endometrium_2024-07-26.logistic.rds
ESR1	Prostate	ESR1_Prostate	/beagle3/haky/users/temi/projects/TFPred-snakemake/data/ENPACT_734_2024-07-26/models/ESR1_Prostate/ESR1_Prostate_2024-07-26.logistic.rds
ESR1	Uterus	ESR1_Uterus	/beagle3/haky/users/temi/projects/TFPred-snakemake/data/ENPACT_734_2024-07-26/models/ESR1_Uterus/ESR1_Uterus_2024-07-26.logistic.rds
ESRRA	Blood	ESRRA_Blood	/beagle3/haky/users/temi/projects/TFPred-snakemake/data/ENPACT_734_2024-07-26/models/ESRRA_Blood/ESRRA_Blood_2024-07-26.logistic.rds
ESRRA	Breast	ESRRA_Breast	/beagle3/haky/users/temi/projects/TFPred-snakemake/data/ENPACT_734_2024-07-26/models/ESRRA_Breast/ESRRA_Breast_2024-07-26.logistic.rds
ESRRA	Liver	ESRRA_Liver	/beagle3/haky/users/temi/projects/TFPred-snakemake/data/ENPACT_734_2024-07-26/models/ESRRA_Liver/ESRRA_Liver_2024-07-26.logistic.rds
ETS1	Blood	ETS1_Blood	/beagle3/haky/users/temi/projects/TFPred-snakemake/data/ENPACT_734_2024-07-26/models/ETS1_Blood/ETS1_Blood_2024-07-26.logistic.rds
ETS1	BoneMarrow	ETS1_BoneMarrow	/beagle3/haky/users/temi/projects/TFPred-snakemake/data/ENPACT_734_2024-07-26/models/ETS1_BoneMarrow/ETS1_BoneMarrow_2024-07-26.logistic.rds
ETS1	Lung	ETS1_Lung	/beagle3/haky/users/temi/projects/TFPred-snakemake/data/ENPACT_734_2024-07-26/models/ETS1_Lung/ETS1_Lung_2024-07-26.logistic.rds
ETS1	Pancreas	ETS1_Pancreas	/beagle3/haky/users/temi/projects/TFPred-snakemake/data/ENPACT_734_2024-07-26/models/ETS1_Pancreas/ETS1_Pancreas_2024-07-26.logistic.rds
ETS1	Prostate	ETS1_Prostate	/beagle3/haky/users/temi/projects/TFPred-snakemake/data/ENPACT_734_2024-07-26/models/ETS1_Prostate/ETS1_Prostate_2024-07-26.logistic.rds
ETS1	UmbilicalVein	ETS1_UmbilicalVein	/beagle3/haky/users/temi/projects/TFPred-snakemake/data/ENPACT_734_2024-07-26/models/ETS1_UmbilicalVein/ETS1_UmbilicalVein_2024-07-26.logistic.rds
ETV1	BoneMarrow	ETV1_BoneMarrow	/beagle3/haky/users/temi/projects/TFPred-snakemake/data/ENPACT_734_2024-07-26/models/ETV1_BoneMarrow/ETV1_BoneMarrow_2024-07-26.logistic.rds
ETV1	Prostate	ETV1_Prostate	/beagle3/haky/users/temi/projects/TFPred-snakemake/data/ENPACT_734_2024-07-26/models/ETV1_Prostate/ETV1_Prostate_2024-07-26.logistic.rds
ETV1	Stomach	ETV1_Stomach	/beagle3/haky/users/temi/projects/TFPred-snakemake/data/ENPACT_734_2024-07-26/models/ETV1_Stomach/ETV1_Stomach_2024-07-26.logistic.rds
ETV4	Liver	ETV4_Liver	/beagle3/haky/users/temi/projects/TFPred-snakemake/data/ENPACT_734_2024-07-26/models/ETV4_Liver/ETV4_Liver_2024-07-26.logistic.rds
ETV4	Prostate	ETV4_Prostate	/beagle3/haky/users/temi/projects/TFPred-snakemake/data/ENPACT_734_2024-07-26/models/ETV4_Prostate/ETV4_Prostate_2024-07-26.logistic.rds
FLI1	Blood	FLI1_Blood	/beagle3/haky/users/temi/projects/TFPred-snakemake/data/ENPACT_734_2024-07-26/models/FLI1_Blood/FLI1_Blood_2024-07-26.logistic.rds
FLI1	BoneMarrow	FLI1_BoneMarrow	/beagle3/haky/users/temi/projects/TFPred-snakemake/data/ENPACT_734_2024-07-26/models/FLI1_BoneMarrow/FLI1_BoneMarrow_2024-07-26.logistic.rds
FLI1	Brain	FLI1_Brain	/beagle3/haky/users/temi/projects/TFPred-snakemake/data/ENPACT_734_2024-07-26/models/FLI1_Brain/FLI1_Brain_2024-07-26.logistic.rds
FLI1	Cordblood	FLI1_Cordblood	/beagle3/haky/users/temi/projects/TFPred-snakemake/data/ENPACT_734_2024-07-26/models/FLI1_Cordblood/FLI1_Cordblood_2024-07-26.logistic.rds
FLI1	Muscle	FLI1_Muscle	/beagle3/haky/users/temi/projects/TFPred-snakemake/data/ENPACT_734_2024-07-26/models/FLI1_Muscle/FLI1_Muscle_2024-07-26.logistic.rds
FLI1	Pleura	FLI1_Pleura	/beagle3/haky/users/temi/projects/TFPred-snakemake/data/ENPACT_734_2024-07-26/models/FLI1_Pleura/FLI1_Pleura_2024-07-26.logistic.rds
FLI1	UmbilicalVein	FLI1_UmbilicalVein	/beagle3/haky/users/temi/projects/TFPred-snakemake/data/ENPACT_734_2024-07-26/models/FLI1_UmbilicalVein/FLI1_UmbilicalVein_2024-07-26.logistic.rds
FOS	Blood	FOS_Blood	/beagle3/haky/users/temi/projects/TFPred-snakemake/data/ENPACT_734_2024-07-26/models/FOS_Blood/FOS_Blood_2024-07-26.logistic.rds
FOS	BoneMarrow	FOS_BoneMarrow	/beagle3/haky/users/temi/projects/TFPred-snakemake/data/ENPACT_734_2024-07-26/models/FOS_BoneMarrow/FOS_BoneMarrow_2024-07-26.logistic.rds
FOS	Breast	FOS_Breast	/beagle3/haky/users/temi/projects/TFPred-snakemake/data/ENPACT_734_2024-07-26/models/FOS_Breast/FOS_Breast_2024-07-26.logistic.rds
FOS	Cervix	FOS_Cervix	/beagle3/haky/users/temi/projects/TFPred-snakemake/data/ENPACT_734_2024-07-26/models/FOS_Cervix/FOS_Cervix_2024-07-26.logistic.rds
FOS	UmbilicalVein	FOS_UmbilicalVein	/beagle3/haky/users/temi/projects/TFPred-snakemake/data/ENPACT_734_2024-07-26/models/FOS_UmbilicalVein/FOS_UmbilicalVein_2024-07-26.logistic.rds
FOSL1	BoneMarrow	FOSL1_BoneMarrow	/beagle3/haky/users/temi/projects/TFPred-snakemake/data/ENPACT_734_2024-07-26/models/FOSL1_BoneMarrow/FOSL1_BoneMarrow_2024-07-26.logistic.rds
FOSL1	Breast	FOSL1_Breast	/beagle3/haky/users/temi/projects/TFPred-snakemake/data/ENPACT_734_2024-07-26/models/FOSL1_Breast/FOSL1_Breast_2024-07-26.logistic.rds
FOSL1	Colon	FOSL1_Colon	/beagle3/haky/users/temi/projects/TFPred-snakemake/data/ENPACT_734_2024-07-26/models/FOSL1_Colon/FOSL1_Colon_2024-07-26.logistic.rds
FOSL1	MammaryGland	FOSL1_MammaryGland	/beagle3/haky/users/temi/projects/TFPred-snakemake/data/ENPACT_734_2024-07-26/models/FOSL1_MammaryGland/FOSL1_MammaryGland_2024-07-26.logistic.rds
FOSL2	Brain	FOSL2_Brain	/beagle3/haky/users/temi/projects/TFPred-snakemake/data/ENPACT_734_2024-07-26/models/FOSL2_Brain/FOSL2_Brain_2024-07-26.logistic.rds
FOSL2	Breast	FOSL2_Breast	/beagle3/haky/users/temi/projects/TFPred-snakemake/data/ENPACT_734_2024-07-26/models/FOSL2_Breast/FOSL2_Breast_2024-07-26.logistic.rds
FOSL2	Endometrium	FOSL2_Endometrium	/beagle3/haky/users/temi/projects/TFPred-snakemake/data/ENPACT_734_2024-07-26/models/FOSL2_Endometrium/FOSL2_Endometrium_2024-07-26.logistic.rds
FOSL2	Liver	FOSL2_Liver	/beagle3/haky/users/temi/projects/TFPred-snakemake/data/ENPACT_734_2024-07-26/models/FOSL2_Liver/FOSL2_Liver_2024-07-26.logistic.rds
FOXA1	Embryo	FOXA1_Embryo	/beagle3/haky/users/temi/projects/TFPred-snakemake/data/ENPACT_734_2024-07-26/models/FOXA1_Embryo/FOXA1_Embryo_2024-07-26.logistic.rds
FOXA1	endometrioidadenocarcinoma	FOXA1_endometrioidadenocarcinoma	/beagle3/haky/users/temi/projects/TFPred-snakemake/data/ENPACT_734_2024-07-26/models/FOXA1_endometrioidadenocarcinoma/FOXA1_endometrioidadenocarcinoma_2024-07-26.logistic.rds
FOXA1	Endometrium	FOXA1_Endometrium	/beagle3/haky/users/temi/projects/TFPred-snakemake/data/ENPACT_734_2024-07-26/models/FOXA1_Endometrium/FOXA1_Endometrium_2024-07-26.logistic.rds
FOXA1	Liver	FOXA1_Liver	/beagle3/haky/users/temi/projects/TFPred-snakemake/data/ENPACT_734_2024-07-26/models/FOXA1_Liver/FOXA1_Liver_2024-07-26.logistic.rds
FOXA1	Lung	FOXA1_Lung	/beagle3/haky/users/temi/projects/TFPred-snakemake/data/ENPACT_734_2024-07-26/models/FOXA1_Lung/FOXA1_Lung_2024-07-26.logistic.rds
FOXA1	Pancreaticductal	FOXA1_Pancreaticductal	/beagle3/haky/users/temi/projects/TFPred-snakemake/data/ENPACT_734_2024-07-26/models/FOXA1_Pancreaticductal/FOXA1_Pancreaticductal_2024-07-26.logistic.rds
FOXA2	Colon	FOXA2_Colon	/beagle3/haky/users/temi/projects/TFPred-snakemake/data/ENPACT_734_2024-07-26/models/FOXA2_Colon/FOXA2_Colon_2024-07-26.logistic.rds
FOXA2	Embryo	FOXA2_Embryo	/beagle3/haky/users/temi/projects/TFPred-snakemake/data/ENPACT_734_2024-07-26/models/FOXA2_Embryo/FOXA2_Embryo_2024-07-26.logistic.rds
FOXA2	Liver	FOXA2_Liver	/beagle3/haky/users/temi/projects/TFPred-snakemake/data/ENPACT_734_2024-07-26/models/FOXA2_Liver/FOXA2_Liver_2024-07-26.logistic.rds
FOXA2	Lung	FOXA2_Lung	/beagle3/haky/users/temi/projects/TFPred-snakemake/data/ENPACT_734_2024-07-26/models/FOXA2_Lung/FOXA2_Lung_2024-07-26.logistic.rds
FOXH1	Embryo	FOXH1_Embryo	/beagle3/haky/users/temi/projects/TFPred-snakemake/data/ENPACT_734_2024-07-26/models/FOXH1_Embryo/FOXH1_Embryo_2024-07-26.logistic.rds
FOXK2	BoneMarrow	FOXK2_BoneMarrow	/beagle3/haky/users/temi/projects/TFPred-snakemake/data/ENPACT_734_2024-07-26/models/FOXK2_BoneMarrow/FOXK2_BoneMarrow_2024-07-26.logistic.rds
FOXK2	Liver	FOXK2_Liver	/beagle3/haky/users/temi/projects/TFPred-snakemake/data/ENPACT_734_2024-07-26/models/FOXK2_Liver/FOXK2_Liver_2024-07-26.logistic.rds
FOXM1	Blood	FOXM1_Blood	/beagle3/haky/users/temi/projects/TFPred-snakemake/data/ENPACT_734_2024-07-26/models/FOXM1_Blood/FOXM1_Blood_2024-07-26.logistic.rds
FOXM1	Brain	FOXM1_Brain	/beagle3/haky/users/temi/projects/TFPred-snakemake/data/ENPACT_734_2024-07-26/models/FOXM1_Brain/FOXM1_Brain_2024-07-26.logistic.rds
FOXM1	EmbryonicKidney	FOXM1_EmbryonicKidney	/beagle3/haky/users/temi/projects/TFPred-snakemake/data/ENPACT_734_2024-07-26/models/FOXM1_EmbryonicKidney/FOXM1_EmbryonicKidney_2024-07-26.logistic.rds
FOXM1	Endometrium	FOXM1_Endometrium	/beagle3/haky/users/temi/projects/TFPred-snakemake/data/ENPACT_734_2024-07-26/models/FOXM1_Endometrium/FOXM1_Endometrium_2024-07-26.logistic.rds
FOXO1	Endometrium	FOXO1_Endometrium	/beagle3/haky/users/temi/projects/TFPred-snakemake/data/ENPACT_734_2024-07-26/models/FOXO1_Endometrium/FOXO1_Endometrium_2024-07-26.logistic.rds
FOXO1	Tonsil	FOXO1_Tonsil	/beagle3/haky/users/temi/projects/TFPred-snakemake/data/ENPACT_734_2024-07-26/models/FOXO1_Tonsil/FOXO1_Tonsil_2024-07-26.logistic.rds
FOXO3	BoneMarrow	FOXO3_BoneMarrow	/beagle3/haky/users/temi/projects/TFPred-snakemake/data/ENPACT_734_2024-07-26/models/FOXO3_BoneMarrow/FOXO3_BoneMarrow_2024-07-26.logistic.rds
FOXO3	Colon	FOXO3_Colon	/beagle3/haky/users/temi/projects/TFPred-snakemake/data/ENPACT_734_2024-07-26/models/FOXO3_Colon/FOXO3_Colon_2024-07-26.logistic.rds
FOXO3	Liver	FOXO3_Liver	/beagle3/haky/users/temi/projects/TFPred-snakemake/data/ENPACT_734_2024-07-26/models/FOXO3_Liver/FOXO3_Liver_2024-07-26.logistic.rds
FOXP1	BoneMarrow	FOXP1_BoneMarrow	/beagle3/haky/users/temi/projects/TFPred-snakemake/data/ENPACT_734_2024-07-26/models/FOXP1_BoneMarrow/FOXP1_BoneMarrow_2024-07-26.logistic.rds
FOXP1	Colon	FOXP1_Colon	/beagle3/haky/users/temi/projects/TFPred-snakemake/data/ENPACT_734_2024-07-26/models/FOXP1_Colon/FOXP1_Colon_2024-07-26.logistic.rds
FOXP1	Embryo	FOXP1_Embryo	/beagle3/haky/users/temi/projects/TFPred-snakemake/data/ENPACT_734_2024-07-26/models/FOXP1_Embryo/FOXP1_Embryo_2024-07-26.logistic.rds
FOXP1	Prostate	FOXP1_Prostate	/beagle3/haky/users/temi/projects/TFPred-snakemake/data/ENPACT_734_2024-07-26/models/FOXP1_Prostate/FOXP1_Prostate_2024-07-26.logistic.rds
GABPA	Blood	GABPA_Blood	/beagle3/haky/users/temi/projects/TFPred-snakemake/data/ENPACT_734_2024-07-26/models/GABPA_Blood/GABPA_Blood_2024-07-26.logistic.rds
GABPA	BoneMarrow	GABPA_BoneMarrow	/beagle3/haky/users/temi/projects/TFPred-snakemake/data/ENPACT_734_2024-07-26/models/GABPA_BoneMarrow/GABPA_BoneMarrow_2024-07-26.logistic.rds
GABPA	Brain	GABPA_Brain	/beagle3/haky/users/temi/projects/TFPred-snakemake/data/ENPACT_734_2024-07-26/models/GABPA_Brain/GABPA_Brain_2024-07-26.logistic.rds
GABPA	Breast	GABPA_Breast	/beagle3/haky/users/temi/projects/TFPred-snakemake/data/ENPACT_734_2024-07-26/models/GABPA_Breast/GABPA_Breast_2024-07-26.logistic.rds
GABPA	Cervix	GABPA_Cervix	/beagle3/haky/users/temi/projects/TFPred-snakemake/data/ENPACT_734_2024-07-26/models/GABPA_Cervix/GABPA_Cervix_2024-07-26.logistic.rds
GABPA	Embryo	GABPA_Embryo	/beagle3/haky/users/temi/projects/TFPred-snakemake/data/ENPACT_734_2024-07-26/models/GABPA_Embryo/GABPA_Embryo_2024-07-26.logistic.rds
GABPA	Liver	GABPA_Liver	/beagle3/haky/users/temi/projects/TFPred-snakemake/data/ENPACT_734_2024-07-26/models/GABPA_Liver/GABPA_Liver_2024-07-26.logistic.rds
GABPA	Lung	GABPA_Lung	/beagle3/haky/users/temi/projects/TFPred-snakemake/data/ENPACT_734_2024-07-26/models/GABPA_Lung/GABPA_Lung_2024-07-26.logistic.rds
GABPA	Prostate	GABPA_Prostate	/beagle3/haky/users/temi/projects/TFPred-snakemake/data/ENPACT_734_2024-07-26/models/GABPA_Prostate/GABPA_Prostate_2024-07-26.logistic.rds
GATA1	Blood	GATA1_Blood	/beagle3/haky/users/temi/projects/TFPred-snakemake/data/ENPACT_734_2024-07-26/models/GATA1_Blood/GATA1_Blood_2024-07-26.logistic.rds
GATA1	Cordblood	GATA1_Cordblood	/beagle3/haky/users/temi/projects/TFPred-snakemake/data/ENPACT_734_2024-07-26/models/GATA1_Cordblood/GATA1_Cordblood_2024-07-26.logistic.rds
GATA1	FetalLiver	GATA1_FetalLiver	/beagle3/haky/users/temi/projects/TFPred-snakemake/data/ENPACT_734_2024-07-26/models/GATA1_FetalLiver/GATA1_FetalLiver_2024-07-26.logistic.rds
GATA2	Blood	GATA2_Blood	/beagle3/haky/users/temi/projects/TFPred-snakemake/data/ENPACT_734_2024-07-26/models/GATA2_Blood/GATA2_Blood_2024-07-26.logistic.rds
GATA2	UmbilicalVein	GATA2_UmbilicalVein	/beagle3/haky/users/temi/projects/TFPred-snakemake/data/ENPACT_734_2024-07-26/models/GATA2_UmbilicalVein/GATA2_UmbilicalVein_2024-07-26.logistic.rds
GATA3	Blood	GATA3_Blood	/beagle3/haky/users/temi/projects/TFPred-snakemake/data/ENPACT_734_2024-07-26/models/GATA3_Blood/GATA3_Blood_2024-07-26.logistic.rds
GATA3	BoneMarrow	GATA3_BoneMarrow	/beagle3/haky/users/temi/projects/TFPred-snakemake/data/ENPACT_734_2024-07-26/models/GATA3_BoneMarrow/GATA3_BoneMarrow_2024-07-26.logistic.rds
GATA3	Brain	GATA3_Brain	/beagle3/haky/users/temi/projects/TFPred-snakemake/data/ENPACT_734_2024-07-26/models/GATA3_Brain/GATA3_Brain_2024-07-26.logistic.rds
GATA3	Embryo	GATA3_Embryo	/beagle3/haky/users/temi/projects/TFPred-snakemake/data/ENPACT_734_2024-07-26/models/GATA3_Embryo/GATA3_Embryo_2024-07-26.logistic.rds
GATA3	Lung	GATA3_Lung	/beagle3/haky/users/temi/projects/TFPred-snakemake/data/ENPACT_734_2024-07-26/models/GATA3_Lung/GATA3_Lung_2024-07-26.logistic.rds
GATA3	Thymus	GATA3_Thymus	/beagle3/haky/users/temi/projects/TFPred-snakemake/data/ENPACT_734_2024-07-26/models/GATA3_Thymus/GATA3_Thymus_2024-07-26.logistic.rds
GATA4	Liver	GATA4_Liver	/beagle3/haky/users/temi/projects/TFPred-snakemake/data/ENPACT_734_2024-07-26/models/GATA4_Liver/GATA4_Liver_2024-07-26.logistic.rds
GATA4	Lung	GATA4_Lung	/beagle3/haky/users/temi/projects/TFPred-snakemake/data/ENPACT_734_2024-07-26/models/GATA4_Lung/GATA4_Lung_2024-07-26.logistic.rds
GATA4	Skin	GATA4_Skin	/beagle3/haky/users/temi/projects/TFPred-snakemake/data/ENPACT_734_2024-07-26/models/GATA4_Skin/GATA4_Skin_2024-07-26.logistic.rds
GATA4	Stomach	GATA4_Stomach	/beagle3/haky/users/temi/projects/TFPred-snakemake/data/ENPACT_734_2024-07-26/models/GATA4_Stomach/GATA4_Stomach_2024-07-26.logistic.rds
GFI1B	EmbryonicKidney	GFI1B_EmbryonicKidney	/beagle3/haky/users/temi/projects/TFPred-snakemake/data/ENPACT_734_2024-07-26/models/GFI1B_EmbryonicKidney/GFI1B_EmbryonicKidney_2024-07-26.logistic.rds
GLI2	Blood	GLI2_Blood	/beagle3/haky/users/temi/projects/TFPred-snakemake/data/ENPACT_734_2024-07-26/models/GLI2_Blood/GLI2_Blood_2024-07-26.logistic.rds
GLI2	Colon	GLI2_Colon	/beagle3/haky/users/temi/projects/TFPred-snakemake/data/ENPACT_734_2024-07-26/models/GLI2_Colon/GLI2_Colon_2024-07-26.logistic.rds
GRHL2	Breast	GRHL2_Breast	/beagle3/haky/users/temi/projects/TFPred-snakemake/data/ENPACT_734_2024-07-26/models/GRHL2_Breast/GRHL2_Breast_2024-07-26.logistic.rds
GRHL2	Bronchia	GRHL2_Bronchia	/beagle3/haky/users/temi/projects/TFPred-snakemake/data/ENPACT_734_2024-07-26/models/GRHL2_Bronchia/GRHL2_Bronchia_2024-07-26.logistic.rds
GRHL2	Prostate	GRHL2_Prostate	/beagle3/haky/users/temi/projects/TFPred-snakemake/data/ENPACT_734_2024-07-26/models/GRHL2_Prostate/GRHL2_Prostate_2024-07-26.logistic.rds
HIF1A	Bone	HIF1A_Bone	/beagle3/haky/users/temi/projects/TFPred-snakemake/data/ENPACT_734_2024-07-26/models/HIF1A_Bone/HIF1A_Bone_2024-07-26.logistic.rds
HIF1A	Cervix	HIF1A_Cervix	/beagle3/haky/users/temi/projects/TFPred-snakemake/data/ENPACT_734_2024-07-26/models/HIF1A_Cervix/HIF1A_Cervix_2024-07-26.logistic.rds
HIF1A	MammaryGland	HIF1A_MammaryGland	/beagle3/haky/users/temi/projects/TFPred-snakemake/data/ENPACT_734_2024-07-26/models/HIF1A_MammaryGland/HIF1A_MammaryGland_2024-07-26.logistic.rds
HINFP	BoneMarrow	HINFP_BoneMarrow	/beagle3/haky/users/temi/projects/TFPred-snakemake/data/ENPACT_734_2024-07-26/models/HINFP_BoneMarrow/HINFP_BoneMarrow_2024-07-26.logistic.rds
HINFP	Colon	HINFP_Colon	/beagle3/haky/users/temi/projects/TFPred-snakemake/data/ENPACT_734_2024-07-26/models/HINFP_Colon/HINFP_Colon_2024-07-26.logistic.rds
HLF	Liver	HLF_Liver	/beagle3/haky/users/temi/projects/TFPred-snakemake/data/ENPACT_734_2024-07-26/models/HLF_Liver/HLF_Liver_2024-07-26.logistic.rds
HNF1A	Epididymis	HNF1A_Epididymis	/beagle3/haky/users/temi/projects/TFPred-snakemake/data/ENPACT_734_2024-07-26/models/HNF1A_Epididymis/HNF1A_Epididymis_2024-07-26.logistic.rds
HNF1A	Liver	HNF1A_Liver	/beagle3/haky/users/temi/projects/TFPred-snakemake/data/ENPACT_734_2024-07-26/models/HNF1A_Liver/HNF1A_Liver_2024-07-26.logistic.rds
HNF1B	Pancreaticductal	HNF1B_Pancreaticductal	/beagle3/haky/users/temi/projects/TFPred-snakemake/data/ENPACT_734_2024-07-26/models/HNF1B_Pancreaticductal/HNF1B_Pancreaticductal_2024-07-26.logistic.rds
HNF4A	Colon	HNF4A_Colon	/beagle3/haky/users/temi/projects/TFPred-snakemake/data/ENPACT_734_2024-07-26/models/HNF4A_Colon/HNF4A_Colon_2024-07-26.logistic.rds
HNF4A	Liver	HNF4A_Liver	/beagle3/haky/users/temi/projects/TFPred-snakemake/data/ENPACT_734_2024-07-26/models/HNF4A_Liver/HNF4A_Liver_2024-07-26.logistic.rds
HOXA9	Kidney	HOXA9_Kidney	/beagle3/haky/users/temi/projects/TFPred-snakemake/data/ENPACT_734_2024-07-26/models/HOXA9_Kidney/HOXA9_Kidney_2024-07-26.logistic.rds
HOXB13	Colon	HOXB13_Colon	/beagle3/haky/users/temi/projects/TFPred-snakemake/data/ENPACT_734_2024-07-26/models/HOXB13_Colon/HOXB13_Colon_2024-07-26.logistic.rds
HOXC9	Brain	HOXC9_Brain	/beagle3/haky/users/temi/projects/TFPred-snakemake/data/ENPACT_734_2024-07-26/models/HOXC9_Brain/HOXC9_Brain_2024-07-26.logistic.rds
HSF1	Bone	HSF1_Bone	/beagle3/haky/users/temi/projects/TFPred-snakemake/data/ENPACT_734_2024-07-26/models/HSF1_Bone/HSF1_Bone_2024-07-26.logistic.rds
HSF1	Breast	HSF1_Breast	/beagle3/haky/users/temi/projects/TFPred-snakemake/data/ENPACT_734_2024-07-26/models/HSF1_Breast/HSF1_Breast_2024-07-26.logistic.rds
HSF1	Liver	HSF1_Liver	/beagle3/haky/users/temi/projects/TFPred-snakemake/data/ENPACT_734_2024-07-26/models/HSF1_Liver/HSF1_Liver_2024-07-26.logistic.rds
HSF1	Lung	HSF1_Lung	/beagle3/haky/users/temi/projects/TFPred-snakemake/data/ENPACT_734_2024-07-26/models/HSF1_Lung/HSF1_Lung_2024-07-26.logistic.rds
HSF1	MammaryGland	HSF1_MammaryGland	/beagle3/haky/users/temi/projects/TFPred-snakemake/data/ENPACT_734_2024-07-26/models/HSF1_MammaryGland/HSF1_MammaryGland_2024-07-26.logistic.rds
IRF1	Blood	IRF1_Blood	/beagle3/haky/users/temi/projects/TFPred-snakemake/data/ENPACT_734_2024-07-26/models/IRF1_Blood/IRF1_Blood_2024-07-26.logistic.rds
IRF1	BoneMarrow	IRF1_BoneMarrow	/beagle3/haky/users/temi/projects/TFPred-snakemake/data/ENPACT_734_2024-07-26/models/IRF1_BoneMarrow/IRF1_BoneMarrow_2024-07-26.logistic.rds
IRF1	Colon	IRF1_Colon	/beagle3/haky/users/temi/projects/TFPred-snakemake/data/ENPACT_734_2024-07-26/models/IRF1_Colon/IRF1_Colon_2024-07-26.logistic.rds
IRF1	Pancreaticductal	IRF1_Pancreaticductal	/beagle3/haky/users/temi/projects/TFPred-snakemake/data/ENPACT_734_2024-07-26/models/IRF1_Pancreaticductal/IRF1_Pancreaticductal_2024-07-26.logistic.rds
IRF4	Blood	IRF4_Blood	/beagle3/haky/users/temi/projects/TFPred-snakemake/data/ENPACT_734_2024-07-26/models/IRF4_Blood/IRF4_Blood_2024-07-26.logistic.rds
IRF4	BoneMarrow	IRF4_BoneMarrow	/beagle3/haky/users/temi/projects/TFPred-snakemake/data/ENPACT_734_2024-07-26/models/IRF4_BoneMarrow/IRF4_BoneMarrow_2024-07-26.logistic.rds
JUN	BoneMarrow	JUN_BoneMarrow	/beagle3/haky/users/temi/projects/TFPred-snakemake/data/ENPACT_734_2024-07-26/models/JUN_BoneMarrow/JUN_BoneMarrow_2024-07-26.logistic.rds
JUN	Breast	JUN_Breast	/beagle3/haky/users/temi/projects/TFPred-snakemake/data/ENPACT_734_2024-07-26/models/JUN_Breast/JUN_Breast_2024-07-26.logistic.rds
JUN	Cervix	JUN_Cervix	/beagle3/haky/users/temi/projects/TFPred-snakemake/data/ENPACT_734_2024-07-26/models/JUN_Cervix/JUN_Cervix_2024-07-26.logistic.rds
JUN	Colon	JUN_Colon	/beagle3/haky/users/temi/projects/TFPred-snakemake/data/ENPACT_734_2024-07-26/models/JUN_Colon/JUN_Colon_2024-07-26.logistic.rds
JUN	Coronaryarterysmoothmuscle	JUN_Coronaryarterysmoothmuscle	/beagle3/haky/users/temi/projects/TFPred-snakemake/data/ENPACT_734_2024-07-26/models/JUN_Coronaryarterysmoothmuscle/JUN_Coronaryarterysmoothmuscle_2024-07-26.logistic.rds
JUN	Liver	JUN_Liver	/beagle3/haky/users/temi/projects/TFPred-snakemake/data/ENPACT_734_2024-07-26/models/JUN_Liver/JUN_Liver_2024-07-26.logistic.rds
JUN	Lung	JUN_Lung	/beagle3/haky/users/temi/projects/TFPred-snakemake/data/ENPACT_734_2024-07-26/models/JUN_Lung/JUN_Lung_2024-07-26.logistic.rds
JUN	MammaryGland	JUN_MammaryGland	/beagle3/haky/users/temi/projects/TFPred-snakemake/data/ENPACT_734_2024-07-26/models/JUN_MammaryGland/JUN_MammaryGland_2024-07-26.logistic.rds
JUN	UmbilicalVein	JUN_UmbilicalVein	/beagle3/haky/users/temi/projects/TFPred-snakemake/data/ENPACT_734_2024-07-26/models/JUN_UmbilicalVein/JUN_UmbilicalVein_2024-07-26.logistic.rds
JUNB	Blood	JUNB_Blood	/beagle3/haky/users/temi/projects/TFPred-snakemake/data/ENPACT_734_2024-07-26/models/JUNB_Blood/JUNB_Blood_2024-07-26.logistic.rds
JUNB	BoneMarrow	JUNB_BoneMarrow	/beagle3/haky/users/temi/projects/TFPred-snakemake/data/ENPACT_734_2024-07-26/models/JUNB_BoneMarrow/JUNB_BoneMarrow_2024-07-26.logistic.rds
JUNB	Colon	JUNB_Colon	/beagle3/haky/users/temi/projects/TFPred-snakemake/data/ENPACT_734_2024-07-26/models/JUNB_Colon/JUNB_Colon_2024-07-26.logistic.rds
JUND	Blood	JUND_Blood	/beagle3/haky/users/temi/projects/TFPred-snakemake/data/ENPACT_734_2024-07-26/models/JUND_Blood/JUND_Blood_2024-07-26.logistic.rds
JUND	BoneMarrow	JUND_BoneMarrow	/beagle3/haky/users/temi/projects/TFPred-snakemake/data/ENPACT_734_2024-07-26/models/JUND_BoneMarrow/JUND_BoneMarrow_2024-07-26.logistic.rds
JUND	Brain	JUND_Brain	/beagle3/haky/users/temi/projects/TFPred-snakemake/data/ENPACT_734_2024-07-26/models/JUND_Brain/JUND_Brain_2024-07-26.logistic.rds
JUND	Breast	JUND_Breast	/beagle3/haky/users/temi/projects/TFPred-snakemake/data/ENPACT_734_2024-07-26/models/JUND_Breast/JUND_Breast_2024-07-26.logistic.rds
JUND	Cervix	JUND_Cervix	/beagle3/haky/users/temi/projects/TFPred-snakemake/data/ENPACT_734_2024-07-26/models/JUND_Cervix/JUND_Cervix_2024-07-26.logistic.rds
JUND	Colon	JUND_Colon	/beagle3/haky/users/temi/projects/TFPred-snakemake/data/ENPACT_734_2024-07-26/models/JUND_Colon/JUND_Colon_2024-07-26.logistic.rds
JUND	Coronaryarterysmoothmuscle	JUND_Coronaryarterysmoothmuscle	/beagle3/haky/users/temi/projects/TFPred-snakemake/data/ENPACT_734_2024-07-26/models/JUND_Coronaryarterysmoothmuscle/JUND_Coronaryarterysmoothmuscle_2024-07-26.logistic.rds
JUND	Embryo	JUND_Embryo	/beagle3/haky/users/temi/projects/TFPred-snakemake/data/ENPACT_734_2024-07-26/models/JUND_Embryo/JUND_Embryo_2024-07-26.logistic.rds
JUND	Liver	JUND_Liver	/beagle3/haky/users/temi/projects/TFPred-snakemake/data/ENPACT_734_2024-07-26/models/JUND_Liver/JUND_Liver_2024-07-26.logistic.rds
KLF1	BoneMarrow	KLF1_BoneMarrow	/beagle3/haky/users/temi/projects/TFPred-snakemake/data/ENPACT_734_2024-07-26/models/KLF1_BoneMarrow/KLF1_BoneMarrow_2024-07-26.logistic.rds
KLF1	EmbryonicKidney	KLF1_EmbryonicKidney	/beagle3/haky/users/temi/projects/TFPred-snakemake/data/ENPACT_734_2024-07-26/models/KLF1_EmbryonicKidney/KLF1_EmbryonicKidney_2024-07-26.logistic.rds
KLF10	Liver	KLF10_Liver	/beagle3/haky/users/temi/projects/TFPred-snakemake/data/ENPACT_734_2024-07-26/models/KLF10_Liver/KLF10_Liver_2024-07-26.logistic.rds
KLF4	Breast	KLF4_Breast	/beagle3/haky/users/temi/projects/TFPred-snakemake/data/ENPACT_734_2024-07-26/models/KLF4_Breast/KLF4_Breast_2024-07-26.logistic.rds
KLF4	Foreskin	KLF4_Foreskin	/beagle3/haky/users/temi/projects/TFPred-snakemake/data/ENPACT_734_2024-07-26/models/KLF4_Foreskin/KLF4_Foreskin_2024-07-26.logistic.rds
KLF4	Pancreaticductal	KLF4_Pancreaticductal	/beagle3/haky/users/temi/projects/TFPred-snakemake/data/ENPACT_734_2024-07-26/models/KLF4_Pancreaticductal/KLF4_Pancreaticductal_2024-07-26.logistic.rds
KLF4	Skin	KLF4_Skin	/beagle3/haky/users/temi/projects/TFPred-snakemake/data/ENPACT_734_2024-07-26/models/KLF4_Skin/KLF4_Skin_2024-07-26.logistic.rds
KLF5	Colon	KLF5_Colon	/beagle3/haky/users/temi/projects/TFPred-snakemake/data/ENPACT_734_2024-07-26/models/KLF5_Colon/KLF5_Colon_2024-07-26.logistic.rds
KLF5	Headandneck	KLF5_Headandneck	/beagle3/haky/users/temi/projects/TFPred-snakemake/data/ENPACT_734_2024-07-26/models/KLF5_Headandneck/KLF5_Headandneck_2024-07-26.logistic.rds
KLF5	Pancreaticductal	KLF5_Pancreaticductal	/beagle3/haky/users/temi/projects/TFPred-snakemake/data/ENPACT_734_2024-07-26/models/KLF5_Pancreaticductal/KLF5_Pancreaticductal_2024-07-26.logistic.rds
KLF5	Stomach	KLF5_Stomach	/beagle3/haky/users/temi/projects/TFPred-snakemake/data/ENPACT_734_2024-07-26/models/KLF5_Stomach/KLF5_Stomach_2024-07-26.logistic.rds
KLF6	Pancreaticductal	KLF6_Pancreaticductal	/beagle3/haky/users/temi/projects/TFPred-snakemake/data/ENPACT_734_2024-07-26/models/KLF6_Pancreaticductal/KLF6_Pancreaticductal_2024-07-26.logistic.rds
KLF9	Breast	KLF9_Breast	/beagle3/haky/users/temi/projects/TFPred-snakemake/data/ENPACT_734_2024-07-26/models/KLF9_Breast/KLF9_Breast_2024-07-26.logistic.rds
KLF9	EmbryonicKidney	KLF9_EmbryonicKidney	/beagle3/haky/users/temi/projects/TFPred-snakemake/data/ENPACT_734_2024-07-26/models/KLF9_EmbryonicKidney/KLF9_EmbryonicKidney_2024-07-26.logistic.rds
LEF1	BoneMarrow	LEF1_BoneMarrow	/beagle3/haky/users/temi/projects/TFPred-snakemake/data/ENPACT_734_2024-07-26/models/LEF1_BoneMarrow/LEF1_BoneMarrow_2024-07-26.logistic.rds
LHX2	Colon	LHX2_Colon	/beagle3/haky/users/temi/projects/TFPred-snakemake/data/ENPACT_734_2024-07-26/models/LHX2_Colon/LHX2_Colon_2024-07-26.logistic.rds
MAFB	Foreskin	MAFB_Foreskin	/beagle3/haky/users/temi/projects/TFPred-snakemake/data/ENPACT_734_2024-07-26/models/MAFB_Foreskin/MAFB_Foreskin_2024-07-26.logistic.rds
MAFF	BoneMarrow	MAFF_BoneMarrow	/beagle3/haky/users/temi/projects/TFPred-snakemake/data/ENPACT_734_2024-07-26/models/MAFF_BoneMarrow/MAFF_BoneMarrow_2024-07-26.logistic.rds
MAFF	Liver	MAFF_Liver	/beagle3/haky/users/temi/projects/TFPred-snakemake/data/ENPACT_734_2024-07-26/models/MAFF_Liver/MAFF_Liver_2024-07-26.logistic.rds
MAFK	Blood	MAFK_Blood	/beagle3/haky/users/temi/projects/TFPred-snakemake/data/ENPACT_734_2024-07-26/models/MAFK_Blood/MAFK_Blood_2024-07-26.logistic.rds
MAFK	BoneMarrow	MAFK_BoneMarrow	/beagle3/haky/users/temi/projects/TFPred-snakemake/data/ENPACT_734_2024-07-26/models/MAFK_BoneMarrow/MAFK_BoneMarrow_2024-07-26.logistic.rds
MAFK	Cervix	MAFK_Cervix	/beagle3/haky/users/temi/projects/TFPred-snakemake/data/ENPACT_734_2024-07-26/models/MAFK_Cervix/MAFK_Cervix_2024-07-26.logistic.rds
MAFK	Colon	MAFK_Colon	/beagle3/haky/users/temi/projects/TFPred-snakemake/data/ENPACT_734_2024-07-26/models/MAFK_Colon/MAFK_Colon_2024-07-26.logistic.rds
MAFK	Embryo	MAFK_Embryo	/beagle3/haky/users/temi/projects/TFPred-snakemake/data/ENPACT_734_2024-07-26/models/MAFK_Embryo/MAFK_Embryo_2024-07-26.logistic.rds
MAFK	Liver	MAFK_Liver	/beagle3/haky/users/temi/projects/TFPred-snakemake/data/ENPACT_734_2024-07-26/models/MAFK_Liver/MAFK_Liver_2024-07-26.logistic.rds
MAFK	Lung	MAFK_Lung	/beagle3/haky/users/temi/projects/TFPred-snakemake/data/ENPACT_734_2024-07-26/models/MAFK_Lung/MAFK_Lung_2024-07-26.logistic.rds
MAX	Blood	MAX_Blood	/beagle3/haky/users/temi/projects/TFPred-snakemake/data/ENPACT_734_2024-07-26/models/MAX_Blood/MAX_Blood_2024-07-26.logistic.rds
MAX	BoneMarrow	MAX_BoneMarrow	/beagle3/haky/users/temi/projects/TFPred-snakemake/data/ENPACT_734_2024-07-26/models/MAX_BoneMarrow/MAX_BoneMarrow_2024-07-26.logistic.rds
MAX	Brain	MAX_Brain	/beagle3/haky/users/temi/projects/TFPred-snakemake/data/ENPACT_734_2024-07-26/models/MAX_Brain/MAX_Brain_2024-07-26.logistic.rds
MAX	Breast	MAX_Breast	/beagle3/haky/users/temi/projects/TFPred-snakemake/data/ENPACT_734_2024-07-26/models/MAX_Breast/MAX_Breast_2024-07-26.logistic.rds
MAX	Cervix	MAX_Cervix	/beagle3/haky/users/temi/projects/TFPred-snakemake/data/ENPACT_734_2024-07-26/models/MAX_Cervix/MAX_Cervix_2024-07-26.logistic.rds
MAX	Colon	MAX_Colon	/beagle3/haky/users/temi/projects/TFPred-snakemake/data/ENPACT_734_2024-07-26/models/MAX_Colon/MAX_Colon_2024-07-26.logistic.rds
MAX	Embryo	MAX_Embryo	/beagle3/haky/users/temi/projects/TFPred-snakemake/data/ENPACT_734_2024-07-26/models/MAX_Embryo/MAX_Embryo_2024-07-26.logistic.rds
MAX	Endometrium	MAX_Endometrium	/beagle3/haky/users/temi/projects/TFPred-snakemake/data/ENPACT_734_2024-07-26/models/MAX_Endometrium/MAX_Endometrium_2024-07-26.logistic.rds
MAX	Liver	MAX_Liver	/beagle3/haky/users/temi/projects/TFPred-snakemake/data/ENPACT_734_2024-07-26/models/MAX_Liver/MAX_Liver_2024-07-26.logistic.rds
MAX	Lung	MAX_Lung	/beagle3/haky/users/temi/projects/TFPred-snakemake/data/ENPACT_734_2024-07-26/models/MAX_Lung/MAX_Lung_2024-07-26.logistic.rds
MAX	UmbilicalVein	MAX_UmbilicalVein	/beagle3/haky/users/temi/projects/TFPred-snakemake/data/ENPACT_734_2024-07-26/models/MAX_UmbilicalVein/MAX_UmbilicalVein_2024-07-26.logistic.rds
MAZ	Blood	MAZ_Blood	/beagle3/haky/users/temi/projects/TFPred-snakemake/data/ENPACT_734_2024-07-26/models/MAZ_Blood/MAZ_Blood_2024-07-26.logistic.rds
MAZ	BoneMarrow	MAZ_BoneMarrow	/beagle3/haky/users/temi/projects/TFPred-snakemake/data/ENPACT_734_2024-07-26/models/MAZ_BoneMarrow/MAZ_BoneMarrow_2024-07-26.logistic.rds
MAZ	Cervix	MAZ_Cervix	/beagle3/haky/users/temi/projects/TFPred-snakemake/data/ENPACT_734_2024-07-26/models/MAZ_Cervix/MAZ_Cervix_2024-07-26.logistic.rds
MAZ	EmbryonicKidney	MAZ_EmbryonicKidney	/beagle3/haky/users/temi/projects/TFPred-snakemake/data/ENPACT_734_2024-07-26/models/MAZ_EmbryonicKidney/MAZ_EmbryonicKidney_2024-07-26.logistic.rds
MAZ	Liver	MAZ_Liver	/beagle3/haky/users/temi/projects/TFPred-snakemake/data/ENPACT_734_2024-07-26/models/MAZ_Liver/MAZ_Liver_2024-07-26.logistic.rds
MAZ	Lung	MAZ_Lung	/beagle3/haky/users/temi/projects/TFPred-snakemake/data/ENPACT_734_2024-07-26/models/MAZ_Lung/MAZ_Lung_2024-07-26.logistic.rds
MEF2A	Blood	MEF2A_Blood	/beagle3/haky/users/temi/projects/TFPred-snakemake/data/ENPACT_734_2024-07-26/models/MEF2A_Blood/MEF2A_Blood_2024-07-26.logistic.rds
MEF2A	BoneMarrow	MEF2A_BoneMarrow	/beagle3/haky/users/temi/projects/TFPred-snakemake/data/ENPACT_734_2024-07-26/models/MEF2A_BoneMarrow/MEF2A_BoneMarrow_2024-07-26.logistic.rds
MEF2A	Brain	MEF2A_Brain	/beagle3/haky/users/temi/projects/TFPred-snakemake/data/ENPACT_734_2024-07-26/models/MEF2A_Brain/MEF2A_Brain_2024-07-26.logistic.rds
MEF2C	Blood	MEF2C_Blood	/beagle3/haky/users/temi/projects/TFPred-snakemake/data/ENPACT_734_2024-07-26/models/MEF2C_Blood/MEF2C_Blood_2024-07-26.logistic.rds
MEF2D	BoneMarrow	MEF2D_BoneMarrow	/beagle3/haky/users/temi/projects/TFPred-snakemake/data/ENPACT_734_2024-07-26/models/MEF2D_BoneMarrow/MEF2D_BoneMarrow_2024-07-26.logistic.rds
MITF	Skin	MITF_Skin	/beagle3/haky/users/temi/projects/TFPred-snakemake/data/ENPACT_734_2024-07-26/models/MITF_Skin/MITF_Skin_2024-07-26.logistic.rds
MNT	Colon	MNT_Colon	/beagle3/haky/users/temi/projects/TFPred-snakemake/data/ENPACT_734_2024-07-26/models/MNT_Colon/MNT_Colon_2024-07-26.logistic.rds
MNT	Liver	MNT_Liver	/beagle3/haky/users/temi/projects/TFPred-snakemake/data/ENPACT_734_2024-07-26/models/MNT_Liver/MNT_Liver_2024-07-26.logistic.rds
MYB	Blood	MYB_Blood	/beagle3/haky/users/temi/projects/TFPred-snakemake/data/ENPACT_734_2024-07-26/models/MYB_Blood/MYB_Blood_2024-07-26.logistic.rds
MYB	PeripheralBlood	MYB_PeripheralBlood	/beagle3/haky/users/temi/projects/TFPred-snakemake/data/ENPACT_734_2024-07-26/models/MYB_PeripheralBlood/MYB_PeripheralBlood_2024-07-26.logistic.rds
MYBL2	Liver	MYBL2_Liver	/beagle3/haky/users/temi/projects/TFPred-snakemake/data/ENPACT_734_2024-07-26/models/MYBL2_Liver/MYBL2_Liver_2024-07-26.logistic.rds
MYC	Bone	MYC_Bone	/beagle3/haky/users/temi/projects/TFPred-snakemake/data/ENPACT_734_2024-07-26/models/MYC_Bone/MYC_Bone_2024-07-26.logistic.rds
MYC	Brain	MYC_Brain	/beagle3/haky/users/temi/projects/TFPred-snakemake/data/ENPACT_734_2024-07-26/models/MYC_Brain/MYC_Brain_2024-07-26.logistic.rds
MYC	Cervix	MYC_Cervix	/beagle3/haky/users/temi/projects/TFPred-snakemake/data/ENPACT_734_2024-07-26/models/MYC_Cervix/MYC_Cervix_2024-07-26.logistic.rds
MYC	Embryo	MYC_Embryo	/beagle3/haky/users/temi/projects/TFPred-snakemake/data/ENPACT_734_2024-07-26/models/MYC_Embryo/MYC_Embryo_2024-07-26.logistic.rds
MYC	EmbryonicKidney	MYC_EmbryonicKidney	/beagle3/haky/users/temi/projects/TFPred-snakemake/data/ENPACT_734_2024-07-26/models/MYC_EmbryonicKidney/MYC_EmbryonicKidney_2024-07-26.logistic.rds
MYC	Liver	MYC_Liver	/beagle3/haky/users/temi/projects/TFPred-snakemake/data/ENPACT_734_2024-07-26/models/MYC_Liver/MYC_Liver_2024-07-26.logistic.rds
MYC	LNCaPcells	MYC_LNCaPcells	/beagle3/haky/users/temi/projects/TFPred-snakemake/data/ENPACT_734_2024-07-26/models/MYC_LNCaPcells/MYC_LNCaPcells_2024-07-26.logistic.rds
MYC	Lung	MYC_Lung	/beagle3/haky/users/temi/projects/TFPred-snakemake/data/ENPACT_734_2024-07-26/models/MYC_Lung/MYC_Lung_2024-07-26.logistic.rds
MYC	MammaryGland	MYC_MammaryGland	/beagle3/haky/users/temi/projects/TFPred-snakemake/data/ENPACT_734_2024-07-26/models/MYC_MammaryGland/MYC_MammaryGland_2024-07-26.logistic.rds
MYC	Prostate	MYC_Prostate	/beagle3/haky/users/temi/projects/TFPred-snakemake/data/ENPACT_734_2024-07-26/models/MYC_Prostate/MYC_Prostate_2024-07-26.logistic.rds
MYC	Skin	MYC_Skin	/beagle3/haky/users/temi/projects/TFPred-snakemake/data/ENPACT_734_2024-07-26/models/MYC_Skin/MYC_Skin_2024-07-26.logistic.rds
MYC	UmbilicalVein	MYC_UmbilicalVein	/beagle3/haky/users/temi/projects/TFPred-snakemake/data/ENPACT_734_2024-07-26/models/MYC_UmbilicalVein/MYC_UmbilicalVein_2024-07-26.logistic.rds
MYCN	BoneMarrow	MYCN_BoneMarrow	/beagle3/haky/users/temi/projects/TFPred-snakemake/data/ENPACT_734_2024-07-26/models/MYCN_BoneMarrow/MYCN_BoneMarrow_2024-07-26.logistic.rds
MYNN	BoneMarrow	MYNN_BoneMarrow	/beagle3/haky/users/temi/projects/TFPred-snakemake/data/ENPACT_734_2024-07-26/models/MYNN_BoneMarrow/MYNN_BoneMarrow_2024-07-26.logistic.rds
MYNN	EmbryonicKidney	MYNN_EmbryonicKidney	/beagle3/haky/users/temi/projects/TFPred-snakemake/data/ENPACT_734_2024-07-26/models/MYNN_EmbryonicKidney/MYNN_EmbryonicKidney_2024-07-26.logistic.rds
MYOD1	Muscle	MYOD1_Muscle	/beagle3/haky/users/temi/projects/TFPred-snakemake/data/ENPACT_734_2024-07-26/models/MYOD1_Muscle/MYOD1_Muscle_2024-07-26.logistic.rds
MYOG	Embryo	MYOG_Embryo	/beagle3/haky/users/temi/projects/TFPred-snakemake/data/ENPACT_734_2024-07-26/models/MYOG_Embryo/MYOG_Embryo_2024-07-26.logistic.rds
NANOG	Prostate	NANOG_Prostate	/beagle3/haky/users/temi/projects/TFPred-snakemake/data/ENPACT_734_2024-07-26/models/NANOG_Prostate/NANOG_Prostate_2024-07-26.logistic.rds
NFATC1	Blood	NFATC1_Blood	/beagle3/haky/users/temi/projects/TFPred-snakemake/data/ENPACT_734_2024-07-26/models/NFATC1_Blood/NFATC1_Blood_2024-07-26.logistic.rds
NFATC1	UmbilicalVein	NFATC1_UmbilicalVein	/beagle3/haky/users/temi/projects/TFPred-snakemake/data/ENPACT_734_2024-07-26/models/NFATC1_UmbilicalVein/NFATC1_UmbilicalVein_2024-07-26.logistic.rds
NFE2	BoneMarrow	NFE2_BoneMarrow	/beagle3/haky/users/temi/projects/TFPred-snakemake/data/ENPACT_734_2024-07-26/models/NFE2_BoneMarrow/NFE2_BoneMarrow_2024-07-26.logistic.rds
NFE2	FetalLiver	NFE2_FetalLiver	/beagle3/haky/users/temi/projects/TFPred-snakemake/data/ENPACT_734_2024-07-26/models/NFE2_FetalLiver/NFE2_FetalLiver_2024-07-26.logistic.rds
NFE2L2	Cervix	NFE2L2_Cervix	/beagle3/haky/users/temi/projects/TFPred-snakemake/data/ENPACT_734_2024-07-26/models/NFE2L2_Cervix/NFE2L2_Cervix_2024-07-26.logistic.rds
NFE2L2	Lung	NFE2L2_Lung	/beagle3/haky/users/temi/projects/TFPred-snakemake/data/ENPACT_734_2024-07-26/models/NFE2L2_Lung/NFE2L2_Lung_2024-07-26.logistic.rds
NFIA	BoneMarrow	NFIA_BoneMarrow	/beagle3/haky/users/temi/projects/TFPred-snakemake/data/ENPACT_734_2024-07-26/models/NFIA_BoneMarrow/NFIA_BoneMarrow_2024-07-26.logistic.rds
NFIA	Liver	NFIA_Liver	/beagle3/haky/users/temi/projects/TFPred-snakemake/data/ENPACT_734_2024-07-26/models/NFIA_Liver/NFIA_Liver_2024-07-26.logistic.rds
NFIL3	Liver	NFIL3_Liver	/beagle3/haky/users/temi/projects/TFPred-snakemake/data/ENPACT_734_2024-07-26/models/NFIL3_Liver/NFIL3_Liver_2024-07-26.logistic.rds
NFYA	Blood	NFYA_Blood	/beagle3/haky/users/temi/projects/TFPred-snakemake/data/ENPACT_734_2024-07-26/models/NFYA_Blood/NFYA_Blood_2024-07-26.logistic.rds
NFYA	BoneMarrow	NFYA_BoneMarrow	/beagle3/haky/users/temi/projects/TFPred-snakemake/data/ENPACT_734_2024-07-26/models/NFYA_BoneMarrow/NFYA_BoneMarrow_2024-07-26.logistic.rds
NFYA	Cervix	NFYA_Cervix	/beagle3/haky/users/temi/projects/TFPred-snakemake/data/ENPACT_734_2024-07-26/models/NFYA_Cervix/NFYA_Cervix_2024-07-26.logistic.rds
NFYA	Colon	NFYA_Colon	/beagle3/haky/users/temi/projects/TFPred-snakemake/data/ENPACT_734_2024-07-26/models/NFYA_Colon/NFYA_Colon_2024-07-26.logistic.rds
NR2C2	Blood	NR2C2_Blood	/beagle3/haky/users/temi/projects/TFPred-snakemake/data/ENPACT_734_2024-07-26/models/NR2C2_Blood/NR2C2_Blood_2024-07-26.logistic.rds
NR2C2	BoneMarrow	NR2C2_BoneMarrow	/beagle3/haky/users/temi/projects/TFPred-snakemake/data/ENPACT_734_2024-07-26/models/NR2C2_BoneMarrow/NR2C2_BoneMarrow_2024-07-26.logistic.rds
NR2C2	Cervix	NR2C2_Cervix	/beagle3/haky/users/temi/projects/TFPred-snakemake/data/ENPACT_734_2024-07-26/models/NR2C2_Cervix/NR2C2_Cervix_2024-07-26.logistic.rds
NR2C2	Liver	NR2C2_Liver	/beagle3/haky/users/temi/projects/TFPred-snakemake/data/ENPACT_734_2024-07-26/models/NR2C2_Liver/NR2C2_Liver_2024-07-26.logistic.rds
NR2C2	Lung	NR2C2_Lung	/beagle3/haky/users/temi/projects/TFPred-snakemake/data/ENPACT_734_2024-07-26/models/NR2C2_Lung/NR2C2_Lung_2024-07-26.logistic.rds
NR2F1	BoneMarrow	NR2F1_BoneMarrow	/beagle3/haky/users/temi/projects/TFPred-snakemake/data/ENPACT_734_2024-07-26/models/NR2F1_BoneMarrow/NR2F1_BoneMarrow_2024-07-26.logistic.rds
NR2F1	Cranial	NR2F1_Cranial	/beagle3/haky/users/temi/projects/TFPred-snakemake/data/ENPACT_734_2024-07-26/models/NR2F1_Cranial/NR2F1_Cranial_2024-07-26.logistic.rds
NR2F2	BoneMarrow	NR2F2_BoneMarrow	/beagle3/haky/users/temi/projects/TFPred-snakemake/data/ENPACT_734_2024-07-26/models/NR2F2_BoneMarrow/NR2F2_BoneMarrow_2024-07-26.logistic.rds
NR2F2	Breast	NR2F2_Breast	/beagle3/haky/users/temi/projects/TFPred-snakemake/data/ENPACT_734_2024-07-26/models/NR2F2_Breast/NR2F2_Breast_2024-07-26.logistic.rds
NR2F2	Cranial	NR2F2_Cranial	/beagle3/haky/users/temi/projects/TFPred-snakemake/data/ENPACT_734_2024-07-26/models/NR2F2_Cranial/NR2F2_Cranial_2024-07-26.logistic.rds
NR2F2	Liver	NR2F2_Liver	/beagle3/haky/users/temi/projects/TFPred-snakemake/data/ENPACT_734_2024-07-26/models/NR2F2_Liver/NR2F2_Liver_2024-07-26.logistic.rds
NR2F2	Lung	NR2F2_Lung	/beagle3/haky/users/temi/projects/TFPred-snakemake/data/ENPACT_734_2024-07-26/models/NR2F2_Lung/NR2F2_Lung_2024-07-26.logistic.rds
NR2F6	BoneMarrow	NR2F6_BoneMarrow	/beagle3/haky/users/temi/projects/TFPred-snakemake/data/ENPACT_734_2024-07-26/models/NR2F6_BoneMarrow/NR2F6_BoneMarrow_2024-07-26.logistic.rds
NR2F6	Liver	NR2F6_Liver	/beagle3/haky/users/temi/projects/TFPred-snakemake/data/ENPACT_734_2024-07-26/models/NR2F6_Liver/NR2F6_Liver_2024-07-26.logistic.rds
NR3C1	Blood	NR3C1_Blood	/beagle3/haky/users/temi/projects/TFPred-snakemake/data/ENPACT_734_2024-07-26/models/NR3C1_Blood/NR3C1_Blood_2024-07-26.logistic.rds
NR3C1	Bone	NR3C1_Bone	/beagle3/haky/users/temi/projects/TFPred-snakemake/data/ENPACT_734_2024-07-26/models/NR3C1_Bone/NR3C1_Bone_2024-07-26.logistic.rds
NR3C1	Cervix	NR3C1_Cervix	/beagle3/haky/users/temi/projects/TFPred-snakemake/data/ENPACT_734_2024-07-26/models/NR3C1_Cervix/NR3C1_Cervix_2024-07-26.logistic.rds
NR3C1	EmbryonicKidney	NR3C1_EmbryonicKidney	/beagle3/haky/users/temi/projects/TFPred-snakemake/data/ENPACT_734_2024-07-26/models/NR3C1_EmbryonicKidney/NR3C1_EmbryonicKidney_2024-07-26.logistic.rds
NR3C1	Endometrium	NR3C1_Endometrium	/beagle3/haky/users/temi/projects/TFPred-snakemake/data/ENPACT_734_2024-07-26/models/NR3C1_Endometrium/NR3C1_Endometrium_2024-07-26.logistic.rds
NR3C1	Liver	NR3C1_Liver	/beagle3/haky/users/temi/projects/TFPred-snakemake/data/ENPACT_734_2024-07-26/models/NR3C1_Liver/NR3C1_Liver_2024-07-26.logistic.rds
NR3C1	Muscle	NR3C1_Muscle	/beagle3/haky/users/temi/projects/TFPred-snakemake/data/ENPACT_734_2024-07-26/models/NR3C1_Muscle/NR3C1_Muscle_2024-07-26.logistic.rds
NR3C1	Prostate	NR3C1_Prostate	/beagle3/haky/users/temi/projects/TFPred-snakemake/data/ENPACT_734_2024-07-26/models/NR3C1_Prostate/NR3C1_Prostate_2024-07-26.logistic.rds
NR4A1	BoneMarrow	NR4A1_BoneMarrow	/beagle3/haky/users/temi/projects/TFPred-snakemake/data/ENPACT_734_2024-07-26/models/NR4A1_BoneMarrow/NR4A1_BoneMarrow_2024-07-26.logistic.rds
NR5A2	Breast	NR5A2_Breast	/beagle3/haky/users/temi/projects/TFPred-snakemake/data/ENPACT_734_2024-07-26/models/NR5A2_Breast/NR5A2_Breast_2024-07-26.logistic.rds
NRF1	Blood	NRF1_Blood	/beagle3/haky/users/temi/projects/TFPred-snakemake/data/ENPACT_734_2024-07-26/models/NRF1_Blood/NRF1_Blood_2024-07-26.logistic.rds
NRF1	BoneMarrow	NRF1_BoneMarrow	/beagle3/haky/users/temi/projects/TFPred-snakemake/data/ENPACT_734_2024-07-26/models/NRF1_BoneMarrow/NRF1_BoneMarrow_2024-07-26.logistic.rds
NRF1	Brain	NRF1_Brain	/beagle3/haky/users/temi/projects/TFPred-snakemake/data/ENPACT_734_2024-07-26/models/NRF1_Brain/NRF1_Brain_2024-07-26.logistic.rds
NRF1	Breast	NRF1_Breast	/beagle3/haky/users/temi/projects/TFPred-snakemake/data/ENPACT_734_2024-07-26/models/NRF1_Breast/NRF1_Breast_2024-07-26.logistic.rds
NRF1	Cervix	NRF1_Cervix	/beagle3/haky/users/temi/projects/TFPred-snakemake/data/ENPACT_734_2024-07-26/models/NRF1_Cervix/NRF1_Cervix_2024-07-26.logistic.rds
NRF1	Embryo	NRF1_Embryo	/beagle3/haky/users/temi/projects/TFPred-snakemake/data/ENPACT_734_2024-07-26/models/NRF1_Embryo/NRF1_Embryo_2024-07-26.logistic.rds
NRF1	Liver	NRF1_Liver	/beagle3/haky/users/temi/projects/TFPred-snakemake/data/ENPACT_734_2024-07-26/models/NRF1_Liver/NRF1_Liver_2024-07-26.logistic.rds
NRF1	MammaryGland	NRF1_MammaryGland	/beagle3/haky/users/temi/projects/TFPred-snakemake/data/ENPACT_734_2024-07-26/models/NRF1_MammaryGland/NRF1_MammaryGland_2024-07-26.logistic.rds
OTX2	Embryo	OTX2_Embryo	/beagle3/haky/users/temi/projects/TFPred-snakemake/data/ENPACT_734_2024-07-26/models/OTX2_Embryo/OTX2_Embryo_2024-07-26.logistic.rds
PAX3	Muscle	PAX3_Muscle	/beagle3/haky/users/temi/projects/TFPred-snakemake/data/ENPACT_734_2024-07-26/models/PAX3_Muscle/PAX3_Muscle_2024-07-26.logistic.rds
PAX5	Blood	PAX5_Blood	/beagle3/haky/users/temi/projects/TFPred-snakemake/data/ENPACT_734_2024-07-26/models/PAX5_Blood/PAX5_Blood_2024-07-26.logistic.rds
PBX1	MammaryGland	PBX1_MammaryGland	/beagle3/haky/users/temi/projects/TFPred-snakemake/data/ENPACT_734_2024-07-26/models/PBX1_MammaryGland/PBX1_MammaryGland_2024-07-26.logistic.rds
PBX2	BoneMarrow	PBX2_BoneMarrow	/beagle3/haky/users/temi/projects/TFPred-snakemake/data/ENPACT_734_2024-07-26/models/PBX2_BoneMarrow/PBX2_BoneMarrow_2024-07-26.logistic.rds
PBX2	Liver	PBX2_Liver	/beagle3/haky/users/temi/projects/TFPred-snakemake/data/ENPACT_734_2024-07-26/models/PBX2_Liver/PBX2_Liver_2024-07-26.logistic.rds
PBX3	Blood	PBX3_Blood	/beagle3/haky/users/temi/projects/TFPred-snakemake/data/ENPACT_734_2024-07-26/models/PBX3_Blood/PBX3_Blood_2024-07-26.logistic.rds
PBX3	Brain	PBX3_Brain	/beagle3/haky/users/temi/projects/TFPred-snakemake/data/ENPACT_734_2024-07-26/models/PBX3_Brain/PBX3_Brain_2024-07-26.logistic.rds
PBX3	Liver	PBX3_Liver	/beagle3/haky/users/temi/projects/TFPred-snakemake/data/ENPACT_734_2024-07-26/models/PBX3_Liver/PBX3_Liver_2024-07-26.logistic.rds
PBX3	Lung	PBX3_Lung	/beagle3/haky/users/temi/projects/TFPred-snakemake/data/ENPACT_734_2024-07-26/models/PBX3_Lung/PBX3_Lung_2024-07-26.logistic.rds
PDX1	Embryo	PDX1_Embryo	/beagle3/haky/users/temi/projects/TFPred-snakemake/data/ENPACT_734_2024-07-26/models/PDX1_Embryo/PDX1_Embryo_2024-07-26.logistic.rds
PGR	Endometrium	PGR_Endometrium	/beagle3/haky/users/temi/projects/TFPred-snakemake/data/ENPACT_734_2024-07-26/models/PGR_Endometrium/PGR_Endometrium_2024-07-26.logistic.rds
PKNOX1	BoneMarrow	PKNOX1_BoneMarrow	/beagle3/haky/users/temi/projects/TFPred-snakemake/data/ENPACT_734_2024-07-26/models/PKNOX1_BoneMarrow/PKNOX1_BoneMarrow_2024-07-26.logistic.rds
POU2F2	Blood	POU2F2_Blood	/beagle3/haky/users/temi/projects/TFPred-snakemake/data/ENPACT_734_2024-07-26/models/POU2F2_Blood/POU2F2_Blood_2024-07-26.logistic.rds
POU5F1	Skin	POU5F1_Skin	/beagle3/haky/users/temi/projects/TFPred-snakemake/data/ENPACT_734_2024-07-26/models/POU5F1_Skin/POU5F1_Skin_2024-07-26.logistic.rds
PPARG	Blood	PPARG_Blood	/beagle3/haky/users/temi/projects/TFPred-snakemake/data/ENPACT_734_2024-07-26/models/PPARG_Blood/PPARG_Blood_2024-07-26.logistic.rds
PRDM1	Cervix	PRDM1_Cervix	/beagle3/haky/users/temi/projects/TFPred-snakemake/data/ENPACT_734_2024-07-26/models/PRDM1_Cervix/PRDM1_Cervix_2024-07-26.logistic.rds
PRDM1	EmbryonicKidney	PRDM1_EmbryonicKidney	/beagle3/haky/users/temi/projects/TFPred-snakemake/data/ENPACT_734_2024-07-26/models/PRDM1_EmbryonicKidney/PRDM1_EmbryonicKidney_2024-07-26.logistic.rds
PRDM10	EmbryonicKidney	PRDM10_EmbryonicKidney	/beagle3/haky/users/temi/projects/TFPred-snakemake/data/ENPACT_734_2024-07-26/models/PRDM10_EmbryonicKidney/PRDM10_EmbryonicKidney_2024-07-26.logistic.rds
PRDM14	Embryo	PRDM14_Embryo	/beagle3/haky/users/temi/projects/TFPred-snakemake/data/ENPACT_734_2024-07-26/models/PRDM14_Embryo/PRDM14_Embryo_2024-07-26.logistic.rds
RARA	Blood	RARA_Blood	/beagle3/haky/users/temi/projects/TFPred-snakemake/data/ENPACT_734_2024-07-26/models/RARA_Blood/RARA_Blood_2024-07-26.logistic.rds
RARA	BoneMarrow	RARA_BoneMarrow	/beagle3/haky/users/temi/projects/TFPred-snakemake/data/ENPACT_734_2024-07-26/models/RARA_BoneMarrow/RARA_BoneMarrow_2024-07-26.logistic.rds
RARA	Breast	RARA_Breast	/beagle3/haky/users/temi/projects/TFPred-snakemake/data/ENPACT_734_2024-07-26/models/RARA_Breast/RARA_Breast_2024-07-26.logistic.rds
RBPJ	Blood	RBPJ_Blood	/beagle3/haky/users/temi/projects/TFPred-snakemake/data/ENPACT_734_2024-07-26/models/RBPJ_Blood/RBPJ_Blood_2024-07-26.logistic.rds
RELA	BoneMarrow	RELA_BoneMarrow	/beagle3/haky/users/temi/projects/TFPred-snakemake/data/ENPACT_734_2024-07-26/models/RELA_BoneMarrow/RELA_BoneMarrow_2024-07-26.logistic.rds
RELA	Breast	RELA_Breast	/beagle3/haky/users/temi/projects/TFPred-snakemake/data/ENPACT_734_2024-07-26/models/RELA_Breast/RELA_Breast_2024-07-26.logistic.rds
RELA	Cervix	RELA_Cervix	/beagle3/haky/users/temi/projects/TFPred-snakemake/data/ENPACT_734_2024-07-26/models/RELA_Cervix/RELA_Cervix_2024-07-26.logistic.rds
RELA	Colon	RELA_Colon	/beagle3/haky/users/temi/projects/TFPred-snakemake/data/ENPACT_734_2024-07-26/models/RELA_Colon/RELA_Colon_2024-07-26.logistic.rds
RELA	HeLacontaminant	RELA_HeLacontaminant	/beagle3/haky/users/temi/projects/TFPred-snakemake/data/ENPACT_734_2024-07-26/models/RELA_HeLacontaminant/RELA_HeLacontaminant_2024-07-26.logistic.rds
RELA	Liver	RELA_Liver	/beagle3/haky/users/temi/projects/TFPred-snakemake/data/ENPACT_734_2024-07-26/models/RELA_Liver/RELA_Liver_2024-07-26.logistic.rds
RELA	Lung	RELA_Lung	/beagle3/haky/users/temi/projects/TFPred-snakemake/data/ENPACT_734_2024-07-26/models/RELA_Lung/RELA_Lung_2024-07-26.logistic.rds
RELA	Prostate	RELA_Prostate	/beagle3/haky/users/temi/projects/TFPred-snakemake/data/ENPACT_734_2024-07-26/models/RELA_Prostate/RELA_Prostate_2024-07-26.logistic.rds
RELA	UmbilicalVein	RELA_UmbilicalVein	/beagle3/haky/users/temi/projects/TFPred-snakemake/data/ENPACT_734_2024-07-26/models/RELA_UmbilicalVein/RELA_UmbilicalVein_2024-07-26.logistic.rds
REST	AdrenalGland	REST_AdrenalGland	/beagle3/haky/users/temi/projects/TFPred-snakemake/data/ENPACT_734_2024-07-26/models/REST_AdrenalGland/REST_AdrenalGland_2024-07-26.logistic.rds
REST	BoneMarrow	REST_BoneMarrow	/beagle3/haky/users/temi/projects/TFPred-snakemake/data/ENPACT_734_2024-07-26/models/REST_BoneMarrow/REST_BoneMarrow_2024-07-26.logistic.rds
REST	Brain	REST_Brain	/beagle3/haky/users/temi/projects/TFPred-snakemake/data/ENPACT_734_2024-07-26/models/REST_Brain/REST_Brain_2024-07-26.logistic.rds
REST	Breast	REST_Breast	/beagle3/haky/users/temi/projects/TFPred-snakemake/data/ENPACT_734_2024-07-26/models/REST_Breast/REST_Breast_2024-07-26.logistic.rds
REST	Cervix	REST_Cervix	/beagle3/haky/users/temi/projects/TFPred-snakemake/data/ENPACT_734_2024-07-26/models/REST_Cervix/REST_Cervix_2024-07-26.logistic.rds
REST	Colon	REST_Colon	/beagle3/haky/users/temi/projects/TFPred-snakemake/data/ENPACT_734_2024-07-26/models/REST_Colon/REST_Colon_2024-07-26.logistic.rds
REST	Embryo	REST_Embryo	/beagle3/haky/users/temi/projects/TFPred-snakemake/data/ENPACT_734_2024-07-26/models/REST_Embryo/REST_Embryo_2024-07-26.logistic.rds
REST	EmbryonicKidney	REST_EmbryonicKidney	/beagle3/haky/users/temi/projects/TFPred-snakemake/data/ENPACT_734_2024-07-26/models/REST_EmbryonicKidney/REST_EmbryonicKidney_2024-07-26.logistic.rds
REST	Endometrium	REST_Endometrium	/beagle3/haky/users/temi/projects/TFPred-snakemake/data/ENPACT_734_2024-07-26/models/REST_Endometrium/REST_Endometrium_2024-07-26.logistic.rds
REST	Liver	REST_Liver	/beagle3/haky/users/temi/projects/TFPred-snakemake/data/ENPACT_734_2024-07-26/models/REST_Liver/REST_Liver_2024-07-26.logistic.rds
REST	Lung	REST_Lung	/beagle3/haky/users/temi/projects/TFPred-snakemake/data/ENPACT_734_2024-07-26/models/REST_Lung/REST_Lung_2024-07-26.logistic.rds
REST	Pancreas	REST_Pancreas	/beagle3/haky/users/temi/projects/TFPred-snakemake/data/ENPACT_734_2024-07-26/models/REST_Pancreas/REST_Pancreas_2024-07-26.logistic.rds
RFX1	BoneMarrow	RFX1_BoneMarrow	/beagle3/haky/users/temi/projects/TFPred-snakemake/data/ENPACT_734_2024-07-26/models/RFX1_BoneMarrow/RFX1_BoneMarrow_2024-07-26.logistic.rds
RFX1	Breast	RFX1_Breast	/beagle3/haky/users/temi/projects/TFPred-snakemake/data/ENPACT_734_2024-07-26/models/RFX1_Breast/RFX1_Breast_2024-07-26.logistic.rds
RFX1	Colon	RFX1_Colon	/beagle3/haky/users/temi/projects/TFPred-snakemake/data/ENPACT_734_2024-07-26/models/RFX1_Colon/RFX1_Colon_2024-07-26.logistic.rds
RFX2	Colon	RFX2_Colon	/beagle3/haky/users/temi/projects/TFPred-snakemake/data/ENPACT_734_2024-07-26/models/RFX2_Colon/RFX2_Colon_2024-07-26.logistic.rds
RFX5	Blood	RFX5_Blood	/beagle3/haky/users/temi/projects/TFPred-snakemake/data/ENPACT_734_2024-07-26/models/RFX5_Blood/RFX5_Blood_2024-07-26.logistic.rds
RFX5	BoneMarrow	RFX5_BoneMarrow	/beagle3/haky/users/temi/projects/TFPred-snakemake/data/ENPACT_734_2024-07-26/models/RFX5_BoneMarrow/RFX5_BoneMarrow_2024-07-26.logistic.rds
RFX5	Brain	RFX5_Brain	/beagle3/haky/users/temi/projects/TFPred-snakemake/data/ENPACT_734_2024-07-26/models/RFX5_Brain/RFX5_Brain_2024-07-26.logistic.rds
RFX5	Cervix	RFX5_Cervix	/beagle3/haky/users/temi/projects/TFPred-snakemake/data/ENPACT_734_2024-07-26/models/RFX5_Cervix/RFX5_Cervix_2024-07-26.logistic.rds
RFX5	Embryo	RFX5_Embryo	/beagle3/haky/users/temi/projects/TFPred-snakemake/data/ENPACT_734_2024-07-26/models/RFX5_Embryo/RFX5_Embryo_2024-07-26.logistic.rds
RFX5	Liver	RFX5_Liver	/beagle3/haky/users/temi/projects/TFPred-snakemake/data/ENPACT_734_2024-07-26/models/RFX5_Liver/RFX5_Liver_2024-07-26.logistic.rds
RFX5	Lung	RFX5_Lung	/beagle3/haky/users/temi/projects/TFPred-snakemake/data/ENPACT_734_2024-07-26/models/RFX5_Lung/RFX5_Lung_2024-07-26.logistic.rds
RUNX1	BoneMarrow	RUNX1_BoneMarrow	/beagle3/haky/users/temi/projects/TFPred-snakemake/data/ENPACT_734_2024-07-26/models/RUNX1_BoneMarrow/RUNX1_BoneMarrow_2024-07-26.logistic.rds
RUNX1	Breast	RUNX1_Breast	/beagle3/haky/users/temi/projects/TFPred-snakemake/data/ENPACT_734_2024-07-26/models/RUNX1_Breast/RUNX1_Breast_2024-07-26.logistic.rds
RUNX1	Cordblood	RUNX1_Cordblood	/beagle3/haky/users/temi/projects/TFPred-snakemake/data/ENPACT_734_2024-07-26/models/RUNX1_Cordblood/RUNX1_Cordblood_2024-07-26.logistic.rds
RUNX1	FetalLiver	RUNX1_FetalLiver	/beagle3/haky/users/temi/projects/TFPred-snakemake/data/ENPACT_734_2024-07-26/models/RUNX1_FetalLiver/RUNX1_FetalLiver_2024-07-26.logistic.rds
RUNX1	Kidney	RUNX1_Kidney	/beagle3/haky/users/temi/projects/TFPred-snakemake/data/ENPACT_734_2024-07-26/models/RUNX1_Kidney/RUNX1_Kidney_2024-07-26.logistic.rds
RUNX1	Pleura	RUNX1_Pleura	/beagle3/haky/users/temi/projects/TFPred-snakemake/data/ENPACT_734_2024-07-26/models/RUNX1_Pleura/RUNX1_Pleura_2024-07-26.logistic.rds
RUNX1	Prostate	RUNX1_Prostate	/beagle3/haky/users/temi/projects/TFPred-snakemake/data/ENPACT_734_2024-07-26/models/RUNX1_Prostate/RUNX1_Prostate_2024-07-26.logistic.rds
RUNX2	Prostate	RUNX2_Prostate	/beagle3/haky/users/temi/projects/TFPred-snakemake/data/ENPACT_734_2024-07-26/models/RUNX2_Prostate/RUNX2_Prostate_2024-07-26.logistic.rds
RXRA	Blood	RXRA_Blood	/beagle3/haky/users/temi/projects/TFPred-snakemake/data/ENPACT_734_2024-07-26/models/RXRA_Blood/RXRA_Blood_2024-07-26.logistic.rds
RXRA	Brain	RXRA_Brain	/beagle3/haky/users/temi/projects/TFPred-snakemake/data/ENPACT_734_2024-07-26/models/RXRA_Brain/RXRA_Brain_2024-07-26.logistic.rds
RXRA	Breast	RXRA_Breast	/beagle3/haky/users/temi/projects/TFPred-snakemake/data/ENPACT_734_2024-07-26/models/RXRA_Breast/RXRA_Breast_2024-07-26.logistic.rds
RXRA	Colon	RXRA_Colon	/beagle3/haky/users/temi/projects/TFPred-snakemake/data/ENPACT_734_2024-07-26/models/RXRA_Colon/RXRA_Colon_2024-07-26.logistic.rds
RXRA	Embryo	RXRA_Embryo	/beagle3/haky/users/temi/projects/TFPred-snakemake/data/ENPACT_734_2024-07-26/models/RXRA_Embryo/RXRA_Embryo_2024-07-26.logistic.rds
RXRA	Liver	RXRA_Liver	/beagle3/haky/users/temi/projects/TFPred-snakemake/data/ENPACT_734_2024-07-26/models/RXRA_Liver/RXRA_Liver_2024-07-26.logistic.rds
SCRT1	EmbryonicKidney	SCRT1_EmbryonicKidney	/beagle3/haky/users/temi/projects/TFPred-snakemake/data/ENPACT_734_2024-07-26/models/SCRT1_EmbryonicKidney/SCRT1_EmbryonicKidney_2024-07-26.logistic.rds
SIX1	EmbryonicKidney	SIX1_EmbryonicKidney	/beagle3/haky/users/temi/projects/TFPred-snakemake/data/ENPACT_734_2024-07-26/models/SIX1_EmbryonicKidney/SIX1_EmbryonicKidney_2024-07-26.logistic.rds
SIX1	Kidney	SIX1_Kidney	/beagle3/haky/users/temi/projects/TFPred-snakemake/data/ENPACT_734_2024-07-26/models/SIX1_Kidney/SIX1_Kidney_2024-07-26.logistic.rds
SIX2	EmbryonicKidney	SIX2_EmbryonicKidney	/beagle3/haky/users/temi/projects/TFPred-snakemake/data/ENPACT_734_2024-07-26/models/SIX2_EmbryonicKidney/SIX2_EmbryonicKidney_2024-07-26.logistic.rds
SIX2	Kidney	SIX2_Kidney	/beagle3/haky/users/temi/projects/TFPred-snakemake/data/ENPACT_734_2024-07-26/models/SIX2_Kidney/SIX2_Kidney_2024-07-26.logistic.rds
SMAD2	Embryo	SMAD2_Embryo	/beagle3/haky/users/temi/projects/TFPred-snakemake/data/ENPACT_734_2024-07-26/models/SMAD2_Embryo/SMAD2_Embryo_2024-07-26.logistic.rds
SMAD3	Embryo	SMAD3_Embryo	/beagle3/haky/users/temi/projects/TFPred-snakemake/data/ENPACT_734_2024-07-26/models/SMAD3_Embryo/SMAD3_Embryo_2024-07-26.logistic.rds
SMAD3	Lung	SMAD3_Lung	/beagle3/haky/users/temi/projects/TFPred-snakemake/data/ENPACT_734_2024-07-26/models/SMAD3_Lung/SMAD3_Lung_2024-07-26.logistic.rds
SMAD4	Embryo	SMAD4_Embryo	/beagle3/haky/users/temi/projects/TFPred-snakemake/data/ENPACT_734_2024-07-26/models/SMAD4_Embryo/SMAD4_Embryo_2024-07-26.logistic.rds
SMAD4	Liver	SMAD4_Liver	/beagle3/haky/users/temi/projects/TFPred-snakemake/data/ENPACT_734_2024-07-26/models/SMAD4_Liver/SMAD4_Liver_2024-07-26.logistic.rds
SMAD4	Lung	SMAD4_Lung	/beagle3/haky/users/temi/projects/TFPred-snakemake/data/ENPACT_734_2024-07-26/models/SMAD4_Lung/SMAD4_Lung_2024-07-26.logistic.rds
SOX2	Colon	SOX2_Colon	/beagle3/haky/users/temi/projects/TFPred-snakemake/data/ENPACT_734_2024-07-26/models/SOX2_Colon/SOX2_Colon_2024-07-26.logistic.rds
SOX2	Embryo	SOX2_Embryo	/beagle3/haky/users/temi/projects/TFPred-snakemake/data/ENPACT_734_2024-07-26/models/SOX2_Embryo/SOX2_Embryo_2024-07-26.logistic.rds
SOX2	Skin	SOX2_Skin	/beagle3/haky/users/temi/projects/TFPred-snakemake/data/ENPACT_734_2024-07-26/models/SOX2_Skin/SOX2_Skin_2024-07-26.logistic.rds
SOX2	Thyroid	SOX2_Thyroid	/beagle3/haky/users/temi/projects/TFPred-snakemake/data/ENPACT_734_2024-07-26/models/SOX2_Thyroid/SOX2_Thyroid_2024-07-26.logistic.rds
SOX4	FetalLung	SOX4_FetalLung	/beagle3/haky/users/temi/projects/TFPred-snakemake/data/ENPACT_734_2024-07-26/models/SOX4_FetalLung/SOX4_FetalLung_2024-07-26.logistic.rds
SOX9	Colon	SOX9_Colon	/beagle3/haky/users/temi/projects/TFPred-snakemake/data/ENPACT_734_2024-07-26/models/SOX9_Colon/SOX9_Colon_2024-07-26.logistic.rds
SP1	Blood	SP1_Blood	/beagle3/haky/users/temi/projects/TFPred-snakemake/data/ENPACT_734_2024-07-26/models/SP1_Blood/SP1_Blood_2024-07-26.logistic.rds
SP1	BoneMarrow	SP1_BoneMarrow	/beagle3/haky/users/temi/projects/TFPred-snakemake/data/ENPACT_734_2024-07-26/models/SP1_BoneMarrow/SP1_BoneMarrow_2024-07-26.logistic.rds
SP1	Embryo	SP1_Embryo	/beagle3/haky/users/temi/projects/TFPred-snakemake/data/ENPACT_734_2024-07-26/models/SP1_Embryo/SP1_Embryo_2024-07-26.logistic.rds
SP1	EmbryonicKidney	SP1_EmbryonicKidney	/beagle3/haky/users/temi/projects/TFPred-snakemake/data/ENPACT_734_2024-07-26/models/SP1_EmbryonicKidney/SP1_EmbryonicKidney_2024-07-26.logistic.rds
SP1	Liver	SP1_Liver	/beagle3/haky/users/temi/projects/TFPred-snakemake/data/ENPACT_734_2024-07-26/models/SP1_Liver/SP1_Liver_2024-07-26.logistic.rds
SP1	Lung	SP1_Lung	/beagle3/haky/users/temi/projects/TFPred-snakemake/data/ENPACT_734_2024-07-26/models/SP1_Lung/SP1_Lung_2024-07-26.logistic.rds
SP2	BoneMarrow	SP2_BoneMarrow	/beagle3/haky/users/temi/projects/TFPred-snakemake/data/ENPACT_734_2024-07-26/models/SP2_BoneMarrow/SP2_BoneMarrow_2024-07-26.logistic.rds
SP2	Colon	SP2_Colon	/beagle3/haky/users/temi/projects/TFPred-snakemake/data/ENPACT_734_2024-07-26/models/SP2_Colon/SP2_Colon_2024-07-26.logistic.rds
SP2	Embryo	SP2_Embryo	/beagle3/haky/users/temi/projects/TFPred-snakemake/data/ENPACT_734_2024-07-26/models/SP2_Embryo/SP2_Embryo_2024-07-26.logistic.rds
SP2	EmbryonicKidney	SP2_EmbryonicKidney	/beagle3/haky/users/temi/projects/TFPred-snakemake/data/ENPACT_734_2024-07-26/models/SP2_EmbryonicKidney/SP2_EmbryonicKidney_2024-07-26.logistic.rds
SPDEF	Lung	SPDEF_Lung	/beagle3/haky/users/temi/projects/TFPred-snakemake/data/ENPACT_734_2024-07-26/models/SPDEF_Lung/SPDEF_Lung_2024-07-26.logistic.rds
SPI1	BoneMarrow	SPI1_BoneMarrow	/beagle3/haky/users/temi/projects/TFPred-snakemake/data/ENPACT_734_2024-07-26/models/SPI1_BoneMarrow/SPI1_BoneMarrow_2024-07-26.logistic.rds
SPI1	Cervix	SPI1_Cervix	/beagle3/haky/users/temi/projects/TFPred-snakemake/data/ENPACT_734_2024-07-26/models/SPI1_Cervix/SPI1_Cervix_2024-07-26.logistic.rds
SPI1	Cordblood	SPI1_Cordblood	/beagle3/haky/users/temi/projects/TFPred-snakemake/data/ENPACT_734_2024-07-26/models/SPI1_Cordblood/SPI1_Cordblood_2024-07-26.logistic.rds
SPI1	FetalLiver	SPI1_FetalLiver	/beagle3/haky/users/temi/projects/TFPred-snakemake/data/ENPACT_734_2024-07-26/models/SPI1_FetalLiver/SPI1_FetalLiver_2024-07-26.logistic.rds
SPI1	HeLacontaminant	SPI1_HeLacontaminant	/beagle3/haky/users/temi/projects/TFPred-snakemake/data/ENPACT_734_2024-07-26/models/SPI1_HeLacontaminant/SPI1_HeLacontaminant_2024-07-26.logistic.rds
SPI1	Kidney	SPI1_Kidney	/beagle3/haky/users/temi/projects/TFPred-snakemake/data/ENPACT_734_2024-07-26/models/SPI1_Kidney/SPI1_Kidney_2024-07-26.logistic.rds
SPIB	BoneMarrow	SPIB_BoneMarrow	/beagle3/haky/users/temi/projects/TFPred-snakemake/data/ENPACT_734_2024-07-26/models/SPIB_BoneMarrow/SPIB_BoneMarrow_2024-07-26.logistic.rds
SREBF1	Breast	SREBF1_Breast	/beagle3/haky/users/temi/projects/TFPred-snakemake/data/ENPACT_734_2024-07-26/models/SREBF1_Breast/SREBF1_Breast_2024-07-26.logistic.rds
SREBF1	Liver	SREBF1_Liver	/beagle3/haky/users/temi/projects/TFPred-snakemake/data/ENPACT_734_2024-07-26/models/SREBF1_Liver/SREBF1_Liver_2024-07-26.logistic.rds
SRF	Blood	SRF_Blood	/beagle3/haky/users/temi/projects/TFPred-snakemake/data/ENPACT_734_2024-07-26/models/SRF_Blood/SRF_Blood_2024-07-26.logistic.rds
SRF	BoneMarrow	SRF_BoneMarrow	/beagle3/haky/users/temi/projects/TFPred-snakemake/data/ENPACT_734_2024-07-26/models/SRF_BoneMarrow/SRF_BoneMarrow_2024-07-26.logistic.rds
SRF	Breast	SRF_Breast	/beagle3/haky/users/temi/projects/TFPred-snakemake/data/ENPACT_734_2024-07-26/models/SRF_Breast/SRF_Breast_2024-07-26.logistic.rds
SRF	Colon	SRF_Colon	/beagle3/haky/users/temi/projects/TFPred-snakemake/data/ENPACT_734_2024-07-26/models/SRF_Colon/SRF_Colon_2024-07-26.logistic.rds
SRF	Embryo	SRF_Embryo	/beagle3/haky/users/temi/projects/TFPred-snakemake/data/ENPACT_734_2024-07-26/models/SRF_Embryo/SRF_Embryo_2024-07-26.logistic.rds
SRF	Endometrium	SRF_Endometrium	/beagle3/haky/users/temi/projects/TFPred-snakemake/data/ENPACT_734_2024-07-26/models/SRF_Endometrium/SRF_Endometrium_2024-07-26.logistic.rds
SRF	Liver	SRF_Liver	/beagle3/haky/users/temi/projects/TFPred-snakemake/data/ENPACT_734_2024-07-26/models/SRF_Liver/SRF_Liver_2024-07-26.logistic.rds
SRF	Muscle	SRF_Muscle	/beagle3/haky/users/temi/projects/TFPred-snakemake/data/ENPACT_734_2024-07-26/models/SRF_Muscle/SRF_Muscle_2024-07-26.logistic.rds
STAT1	Blood	STAT1_Blood	/beagle3/haky/users/temi/projects/TFPred-snakemake/data/ENPACT_734_2024-07-26/models/STAT1_Blood/STAT1_Blood_2024-07-26.logistic.rds
STAT1	BoneMarrow	STAT1_BoneMarrow	/beagle3/haky/users/temi/projects/TFPred-snakemake/data/ENPACT_734_2024-07-26/models/STAT1_BoneMarrow/STAT1_BoneMarrow_2024-07-26.logistic.rds
STAT1	Cervix	STAT1_Cervix	/beagle3/haky/users/temi/projects/TFPred-snakemake/data/ENPACT_734_2024-07-26/models/STAT1_Cervix/STAT1_Cervix_2024-07-26.logistic.rds
STAT3	Blood	STAT3_Blood	/beagle3/haky/users/temi/projects/TFPred-snakemake/data/ENPACT_734_2024-07-26/models/STAT3_Blood/STAT3_Blood_2024-07-26.logistic.rds
STAT3	BoneMarrow	STAT3_BoneMarrow	/beagle3/haky/users/temi/projects/TFPred-snakemake/data/ENPACT_734_2024-07-26/models/STAT3_BoneMarrow/STAT3_BoneMarrow_2024-07-26.logistic.rds
STAT3	Breast	STAT3_Breast	/beagle3/haky/users/temi/projects/TFPred-snakemake/data/ENPACT_734_2024-07-26/models/STAT3_Breast/STAT3_Breast_2024-07-26.logistic.rds
STAT3	Cervix	STAT3_Cervix	/beagle3/haky/users/temi/projects/TFPred-snakemake/data/ENPACT_734_2024-07-26/models/STAT3_Cervix/STAT3_Cervix_2024-07-26.logistic.rds
STAT3	Lung	STAT3_Lung	/beagle3/haky/users/temi/projects/TFPred-snakemake/data/ENPACT_734_2024-07-26/models/STAT3_Lung/STAT3_Lung_2024-07-26.logistic.rds
STAT3	LymphNode	STAT3_LymphNode	/beagle3/haky/users/temi/projects/TFPred-snakemake/data/ENPACT_734_2024-07-26/models/STAT3_LymphNode/STAT3_LymphNode_2024-07-26.logistic.rds
STAT3	PeritonealEffusion	STAT3_PeritonealEffusion	/beagle3/haky/users/temi/projects/TFPred-snakemake/data/ENPACT_734_2024-07-26/models/STAT3_PeritonealEffusion/STAT3_PeritonealEffusion_2024-07-26.logistic.rds
STAT3	UmbilicalCord	STAT3_UmbilicalCord	/beagle3/haky/users/temi/projects/TFPred-snakemake/data/ENPACT_734_2024-07-26/models/STAT3_UmbilicalCord/STAT3_UmbilicalCord_2024-07-26.logistic.rds
STAT4	Blood	STAT4_Blood	/beagle3/haky/users/temi/projects/TFPred-snakemake/data/ENPACT_734_2024-07-26/models/STAT4_Blood/STAT4_Blood_2024-07-26.logistic.rds
STAT5A	Blood	STAT5A_Blood	/beagle3/haky/users/temi/projects/TFPred-snakemake/data/ENPACT_734_2024-07-26/models/STAT5A_Blood/STAT5A_Blood_2024-07-26.logistic.rds
STAT5A	BoneMarrow	STAT5A_BoneMarrow	/beagle3/haky/users/temi/projects/TFPred-snakemake/data/ENPACT_734_2024-07-26/models/STAT5A_BoneMarrow/STAT5A_BoneMarrow_2024-07-26.logistic.rds
TAL1	Blood	TAL1_Blood	/beagle3/haky/users/temi/projects/TFPred-snakemake/data/ENPACT_734_2024-07-26/models/TAL1_Blood/TAL1_Blood_2024-07-26.logistic.rds
TAL1	Colon	TAL1_Colon	/beagle3/haky/users/temi/projects/TFPred-snakemake/data/ENPACT_734_2024-07-26/models/TAL1_Colon/TAL1_Colon_2024-07-26.logistic.rds
TAL1	Cordblood	TAL1_Cordblood	/beagle3/haky/users/temi/projects/TFPred-snakemake/data/ENPACT_734_2024-07-26/models/TAL1_Cordblood/TAL1_Cordblood_2024-07-26.logistic.rds
TAL1	Embryo	TAL1_Embryo	/beagle3/haky/users/temi/projects/TFPred-snakemake/data/ENPACT_734_2024-07-26/models/TAL1_Embryo/TAL1_Embryo_2024-07-26.logistic.rds
TAL1	FetalLiver	TAL1_FetalLiver	/beagle3/haky/users/temi/projects/TFPred-snakemake/data/ENPACT_734_2024-07-26/models/TAL1_FetalLiver/TAL1_FetalLiver_2024-07-26.logistic.rds
TAL1	LymphNode	TAL1_LymphNode	/beagle3/haky/users/temi/projects/TFPred-snakemake/data/ENPACT_734_2024-07-26/models/TAL1_LymphNode/TAL1_LymphNode_2024-07-26.logistic.rds
TAL1	PeripheralBlood	TAL1_PeripheralBlood	/beagle3/haky/users/temi/projects/TFPred-snakemake/data/ENPACT_734_2024-07-26/models/TAL1_PeripheralBlood/TAL1_PeripheralBlood_2024-07-26.logistic.rds
TBP	Blood	TBP_Blood	/beagle3/haky/users/temi/projects/TFPred-snakemake/data/ENPACT_734_2024-07-26/models/TBP_Blood/TBP_Blood_2024-07-26.logistic.rds
TBP	BoneMarrow	TBP_BoneMarrow	/beagle3/haky/users/temi/projects/TFPred-snakemake/data/ENPACT_734_2024-07-26/models/TBP_BoneMarrow/TBP_BoneMarrow_2024-07-26.logistic.rds
TBP	Cervix	TBP_Cervix	/beagle3/haky/users/temi/projects/TFPred-snakemake/data/ENPACT_734_2024-07-26/models/TBP_Cervix/TBP_Cervix_2024-07-26.logistic.rds
TBP	Embryo	TBP_Embryo	/beagle3/haky/users/temi/projects/TFPred-snakemake/data/ENPACT_734_2024-07-26/models/TBP_Embryo/TBP_Embryo_2024-07-26.logistic.rds
TBP	Liver	TBP_Liver	/beagle3/haky/users/temi/projects/TFPred-snakemake/data/ENPACT_734_2024-07-26/models/TBP_Liver/TBP_Liver_2024-07-26.logistic.rds
TBX21	Blood	TBX21_Blood	/beagle3/haky/users/temi/projects/TFPred-snakemake/data/ENPACT_734_2024-07-26/models/TBX21_Blood/TBX21_Blood_2024-07-26.logistic.rds
TCF12	Blood	TCF12_Blood	/beagle3/haky/users/temi/projects/TFPred-snakemake/data/ENPACT_734_2024-07-26/models/TCF12_Blood/TCF12_Blood_2024-07-26.logistic.rds
TCF12	Brain	TCF12_Brain	/beagle3/haky/users/temi/projects/TFPred-snakemake/data/ENPACT_734_2024-07-26/models/TCF12_Brain/TCF12_Brain_2024-07-26.logistic.rds
TCF12	Breast	TCF12_Breast	/beagle3/haky/users/temi/projects/TFPred-snakemake/data/ENPACT_734_2024-07-26/models/TCF12_Breast/TCF12_Breast_2024-07-26.logistic.rds
TCF12	Embryo	TCF12_Embryo	/beagle3/haky/users/temi/projects/TFPred-snakemake/data/ENPACT_734_2024-07-26/models/TCF12_Embryo/TCF12_Embryo_2024-07-26.logistic.rds
TCF12	Endometrium	TCF12_Endometrium	/beagle3/haky/users/temi/projects/TFPred-snakemake/data/ENPACT_734_2024-07-26/models/TCF12_Endometrium/TCF12_Endometrium_2024-07-26.logistic.rds
TCF12	Liver	TCF12_Liver	/beagle3/haky/users/temi/projects/TFPred-snakemake/data/ENPACT_734_2024-07-26/models/TCF12_Liver/TCF12_Liver_2024-07-26.logistic.rds
TCF12	Lung	TCF12_Lung	/beagle3/haky/users/temi/projects/TFPred-snakemake/data/ENPACT_734_2024-07-26/models/TCF12_Lung/TCF12_Lung_2024-07-26.logistic.rds
TCF21	Coronaryarterysmoothmuscle	TCF21_Coronaryarterysmoothmuscle	/beagle3/haky/users/temi/projects/TFPred-snakemake/data/ENPACT_734_2024-07-26/models/TCF21_Coronaryarterysmoothmuscle/TCF21_Coronaryarterysmoothmuscle_2024-07-26.logistic.rds
TCF4	Colon	TCF4_Colon	/beagle3/haky/users/temi/projects/TFPred-snakemake/data/ENPACT_734_2024-07-26/models/TCF4_Colon/TCF4_Colon_2024-07-26.logistic.rds
TCF4	Embryo	TCF4_Embryo	/beagle3/haky/users/temi/projects/TFPred-snakemake/data/ENPACT_734_2024-07-26/models/TCF4_Embryo/TCF4_Embryo_2024-07-26.logistic.rds
TCF7	BoneMarrow	TCF7_BoneMarrow	/beagle3/haky/users/temi/projects/TFPred-snakemake/data/ENPACT_734_2024-07-26/models/TCF7_BoneMarrow/TCF7_BoneMarrow_2024-07-26.logistic.rds
TCF7	Liver	TCF7_Liver	/beagle3/haky/users/temi/projects/TFPred-snakemake/data/ENPACT_734_2024-07-26/models/TCF7_Liver/TCF7_Liver_2024-07-26.logistic.rds
TCF7L1	Blood	TCF7L1_Blood	/beagle3/haky/users/temi/projects/TFPred-snakemake/data/ENPACT_734_2024-07-26/models/TCF7L1_Blood/TCF7L1_Blood_2024-07-26.logistic.rds
TCF7L1	Colon	TCF7L1_Colon	/beagle3/haky/users/temi/projects/TFPred-snakemake/data/ENPACT_734_2024-07-26/models/TCF7L1_Colon/TCF7L1_Colon_2024-07-26.logistic.rds
TCF7L2	Blood	TCF7L2_Blood	/beagle3/haky/users/temi/projects/TFPred-snakemake/data/ENPACT_734_2024-07-26/models/TCF7L2_Blood/TCF7L2_Blood_2024-07-26.logistic.rds
TCF7L2	BoneMarrow	TCF7L2_BoneMarrow	/beagle3/haky/users/temi/projects/TFPred-snakemake/data/ENPACT_734_2024-07-26/models/TCF7L2_BoneMarrow/TCF7L2_BoneMarrow_2024-07-26.logistic.rds
TCF7L2	Breast	TCF7L2_Breast	/beagle3/haky/users/temi/projects/TFPred-snakemake/data/ENPACT_734_2024-07-26/models/TCF7L2_Breast/TCF7L2_Breast_2024-07-26.logistic.rds
TCF7L2	Cervix	TCF7L2_Cervix	/beagle3/haky/users/temi/projects/TFPred-snakemake/data/ENPACT_734_2024-07-26/models/TCF7L2_Cervix/TCF7L2_Cervix_2024-07-26.logistic.rds
TCF7L2	Colon	TCF7L2_Colon	/beagle3/haky/users/temi/projects/TFPred-snakemake/data/ENPACT_734_2024-07-26/models/TCF7L2_Colon/TCF7L2_Colon_2024-07-26.logistic.rds
TCF7L2	EmbryonicKidney	TCF7L2_EmbryonicKidney	/beagle3/haky/users/temi/projects/TFPred-snakemake/data/ENPACT_734_2024-07-26/models/TCF7L2_EmbryonicKidney/TCF7L2_EmbryonicKidney_2024-07-26.logistic.rds
TCF7L2	Liver	TCF7L2_Liver	/beagle3/haky/users/temi/projects/TFPred-snakemake/data/ENPACT_734_2024-07-26/models/TCF7L2_Liver/TCF7L2_Liver_2024-07-26.logistic.rds
TCF7L2	MammaryGland	TCF7L2_MammaryGland	/beagle3/haky/users/temi/projects/TFPred-snakemake/data/ENPACT_734_2024-07-26/models/TCF7L2_MammaryGland/TCF7L2_MammaryGland_2024-07-26.logistic.rds
TCF7L2	Pancreas	TCF7L2_Pancreas	/beagle3/haky/users/temi/projects/TFPred-snakemake/data/ENPACT_734_2024-07-26/models/TCF7L2_Pancreas/TCF7L2_Pancreas_2024-07-26.logistic.rds
TCF7L2	Pleura	TCF7L2_Pleura	/beagle3/haky/users/temi/projects/TFPred-snakemake/data/ENPACT_734_2024-07-26/models/TCF7L2_Pleura/TCF7L2_Pleura_2024-07-26.logistic.rds
TCF7L2	Prostate	TCF7L2_Prostate	/beagle3/haky/users/temi/projects/TFPred-snakemake/data/ENPACT_734_2024-07-26/models/TCF7L2_Prostate/TCF7L2_Prostate_2024-07-26.logistic.rds
TEAD1	Muscle	TEAD1_Muscle	/beagle3/haky/users/temi/projects/TFPred-snakemake/data/ENPACT_734_2024-07-26/models/TEAD1_Muscle/TEAD1_Muscle_2024-07-26.logistic.rds
TEAD2	BoneMarrow	TEAD2_BoneMarrow	/beagle3/haky/users/temi/projects/TFPred-snakemake/data/ENPACT_734_2024-07-26/models/TEAD2_BoneMarrow/TEAD2_BoneMarrow_2024-07-26.logistic.rds
TEAD4	BoneMarrow	TEAD4_BoneMarrow	/beagle3/haky/users/temi/projects/TFPred-snakemake/data/ENPACT_734_2024-07-26/models/TEAD4_BoneMarrow/TEAD4_BoneMarrow_2024-07-26.logistic.rds
TEAD4	Brain	TEAD4_Brain	/beagle3/haky/users/temi/projects/TFPred-snakemake/data/ENPACT_734_2024-07-26/models/TEAD4_Brain/TEAD4_Brain_2024-07-26.logistic.rds
TEAD4	Breast	TEAD4_Breast	/beagle3/haky/users/temi/projects/TFPred-snakemake/data/ENPACT_734_2024-07-26/models/TEAD4_Breast/TEAD4_Breast_2024-07-26.logistic.rds
TEAD4	Colon	TEAD4_Colon	/beagle3/haky/users/temi/projects/TFPred-snakemake/data/ENPACT_734_2024-07-26/models/TEAD4_Colon/TEAD4_Colon_2024-07-26.logistic.rds
TEAD4	Embryo	TEAD4_Embryo	/beagle3/haky/users/temi/projects/TFPred-snakemake/data/ENPACT_734_2024-07-26/models/TEAD4_Embryo/TEAD4_Embryo_2024-07-26.logistic.rds
TEAD4	Endometrium	TEAD4_Endometrium	/beagle3/haky/users/temi/projects/TFPred-snakemake/data/ENPACT_734_2024-07-26/models/TEAD4_Endometrium/TEAD4_Endometrium_2024-07-26.logistic.rds
TEAD4	Liver	TEAD4_Liver	/beagle3/haky/users/temi/projects/TFPred-snakemake/data/ENPACT_734_2024-07-26/models/TEAD4_Liver/TEAD4_Liver_2024-07-26.logistic.rds
TEAD4	Lung	TEAD4_Lung	/beagle3/haky/users/temi/projects/TFPred-snakemake/data/ENPACT_734_2024-07-26/models/TEAD4_Lung/TEAD4_Lung_2024-07-26.logistic.rds
TFAP2A	Breast	TFAP2A_Breast	/beagle3/haky/users/temi/projects/TFPred-snakemake/data/ENPACT_734_2024-07-26/models/TFAP2A_Breast/TFAP2A_Breast_2024-07-26.logistic.rds
TFAP2A	Cervix	TFAP2A_Cervix	/beagle3/haky/users/temi/projects/TFPred-snakemake/data/ENPACT_734_2024-07-26/models/TFAP2A_Cervix/TFAP2A_Cervix_2024-07-26.logistic.rds
TFAP2A	Cranial	TFAP2A_Cranial	/beagle3/haky/users/temi/projects/TFPred-snakemake/data/ENPACT_734_2024-07-26/models/TFAP2A_Cranial/TFAP2A_Cranial_2024-07-26.logistic.rds
TFAP2C	Breast	TFAP2C_Breast	/beagle3/haky/users/temi/projects/TFPred-snakemake/data/ENPACT_734_2024-07-26/models/TFAP2C_Breast/TFAP2C_Breast_2024-07-26.logistic.rds
TFAP2C	Cervix	TFAP2C_Cervix	/beagle3/haky/users/temi/projects/TFPred-snakemake/data/ENPACT_734_2024-07-26/models/TFAP2C_Cervix/TFAP2C_Cervix_2024-07-26.logistic.rds
TFAP2C	MammaryGland	TFAP2C_MammaryGland	/beagle3/haky/users/temi/projects/TFPred-snakemake/data/ENPACT_734_2024-07-26/models/TFAP2C_MammaryGland/TFAP2C_MammaryGland_2024-07-26.logistic.rds
TFAP2C	Skin	TFAP2C_Skin	/beagle3/haky/users/temi/projects/TFPred-snakemake/data/ENPACT_734_2024-07-26/models/TFAP2C_Skin/TFAP2C_Skin_2024-07-26.logistic.rds
TFAP4	Liver	TFAP4_Liver	/beagle3/haky/users/temi/projects/TFPred-snakemake/data/ENPACT_734_2024-07-26/models/TFAP4_Liver/TFAP4_Liver_2024-07-26.logistic.rds
TGIF2	Liver	TGIF2_Liver	/beagle3/haky/users/temi/projects/TFPred-snakemake/data/ENPACT_734_2024-07-26/models/TGIF2_Liver/TGIF2_Liver_2024-07-26.logistic.rds
THAP11	Embryo	THAP11_Embryo	/beagle3/haky/users/temi/projects/TFPred-snakemake/data/ENPACT_734_2024-07-26/models/THAP11_Embryo/THAP11_Embryo_2024-07-26.logistic.rds
TP53	Blood	TP53_Blood	/beagle3/haky/users/temi/projects/TFPred-snakemake/data/ENPACT_734_2024-07-26/models/TP53_Blood/TP53_Blood_2024-07-26.logistic.rds
TP53	Bone	TP53_Bone	/beagle3/haky/users/temi/projects/TFPred-snakemake/data/ENPACT_734_2024-07-26/models/TP53_Bone/TP53_Bone_2024-07-26.logistic.rds
TP53	Breast	TP53_Breast	/beagle3/haky/users/temi/projects/TFPred-snakemake/data/ENPACT_734_2024-07-26/models/TP53_Breast/TP53_Breast_2024-07-26.logistic.rds
TP53	Colon	TP53_Colon	/beagle3/haky/users/temi/projects/TFPred-snakemake/data/ENPACT_734_2024-07-26/models/TP53_Colon/TP53_Colon_2024-07-26.logistic.rds
TP53	Embryo	TP53_Embryo	/beagle3/haky/users/temi/projects/TFPred-snakemake/data/ENPACT_734_2024-07-26/models/TP53_Embryo/TP53_Embryo_2024-07-26.logistic.rds
TP53	FetalSkin	TP53_FetalSkin	/beagle3/haky/users/temi/projects/TFPred-snakemake/data/ENPACT_734_2024-07-26/models/TP53_FetalSkin/TP53_FetalSkin_2024-07-26.logistic.rds
TP53	Foreskin	TP53_Foreskin	/beagle3/haky/users/temi/projects/TFPred-snakemake/data/ENPACT_734_2024-07-26/models/TP53_Foreskin/TP53_Foreskin_2024-07-26.logistic.rds
TP53	HCT116	TP53_HCT116	/beagle3/haky/users/temi/projects/TFPred-snakemake/data/ENPACT_734_2024-07-26/models/TP53_HCT116/TP53_HCT116_2024-07-26.logistic.rds
TP53	Lung	TP53_Lung	/beagle3/haky/users/temi/projects/TFPred-snakemake/data/ENPACT_734_2024-07-26/models/TP53_Lung/TP53_Lung_2024-07-26.logistic.rds
TP53	Skin	TP53_Skin	/beagle3/haky/users/temi/projects/TFPred-snakemake/data/ENPACT_734_2024-07-26/models/TP53_Skin/TP53_Skin_2024-07-26.logistic.rds
TP63	Breast	TP63_Breast	/beagle3/haky/users/temi/projects/TFPred-snakemake/data/ENPACT_734_2024-07-26/models/TP63_Breast/TP63_Breast_2024-07-26.logistic.rds
TP63	Foreskin	TP63_Foreskin	/beagle3/haky/users/temi/projects/TFPred-snakemake/data/ENPACT_734_2024-07-26/models/TP63_Foreskin/TP63_Foreskin_2024-07-26.logistic.rds
TP63	Lung	TP63_Lung	/beagle3/haky/users/temi/projects/TFPred-snakemake/data/ENPACT_734_2024-07-26/models/TP63_Lung/TP63_Lung_2024-07-26.logistic.rds
TP63	Prostate	TP63_Prostate	/beagle3/haky/users/temi/projects/TFPred-snakemake/data/ENPACT_734_2024-07-26/models/TP63_Prostate/TP63_Prostate_2024-07-26.logistic.rds
TP63	Skin	TP63_Skin	/beagle3/haky/users/temi/projects/TFPred-snakemake/data/ENPACT_734_2024-07-26/models/TP63_Skin/TP63_Skin_2024-07-26.logistic.rds
TP63	Thyroid	TP63_Thyroid	/beagle3/haky/users/temi/projects/TFPred-snakemake/data/ENPACT_734_2024-07-26/models/TP63_Thyroid/TP63_Thyroid_2024-07-26.logistic.rds
TP73	Bone	TP73_Bone	/beagle3/haky/users/temi/projects/TFPred-snakemake/data/ENPACT_734_2024-07-26/models/TP73_Bone/TP73_Bone_2024-07-26.logistic.rds
USF1	Blood	USF1_Blood	/beagle3/haky/users/temi/projects/TFPred-snakemake/data/ENPACT_734_2024-07-26/models/USF1_Blood/USF1_Blood_2024-07-26.logistic.rds
USF1	BoneMarrow	USF1_BoneMarrow	/beagle3/haky/users/temi/projects/TFPred-snakemake/data/ENPACT_734_2024-07-26/models/USF1_BoneMarrow/USF1_BoneMarrow_2024-07-26.logistic.rds
USF1	Brain	USF1_Brain	/beagle3/haky/users/temi/projects/TFPred-snakemake/data/ENPACT_734_2024-07-26/models/USF1_Brain/USF1_Brain_2024-07-26.logistic.rds
USF1	Colon	USF1_Colon	/beagle3/haky/users/temi/projects/TFPred-snakemake/data/ENPACT_734_2024-07-26/models/USF1_Colon/USF1_Colon_2024-07-26.logistic.rds
USF1	Embryo	USF1_Embryo	/beagle3/haky/users/temi/projects/TFPred-snakemake/data/ENPACT_734_2024-07-26/models/USF1_Embryo/USF1_Embryo_2024-07-26.logistic.rds
USF1	Endometrium	USF1_Endometrium	/beagle3/haky/users/temi/projects/TFPred-snakemake/data/ENPACT_734_2024-07-26/models/USF1_Endometrium/USF1_Endometrium_2024-07-26.logistic.rds
USF1	Liver	USF1_Liver	/beagle3/haky/users/temi/projects/TFPred-snakemake/data/ENPACT_734_2024-07-26/models/USF1_Liver/USF1_Liver_2024-07-26.logistic.rds
USF1	Lung	USF1_Lung	/beagle3/haky/users/temi/projects/TFPred-snakemake/data/ENPACT_734_2024-07-26/models/USF1_Lung/USF1_Lung_2024-07-26.logistic.rds
USF2	Blood	USF2_Blood	/beagle3/haky/users/temi/projects/TFPred-snakemake/data/ENPACT_734_2024-07-26/models/USF2_Blood/USF2_Blood_2024-07-26.logistic.rds
USF2	BoneMarrow	USF2_BoneMarrow	/beagle3/haky/users/temi/projects/TFPred-snakemake/data/ENPACT_734_2024-07-26/models/USF2_BoneMarrow/USF2_BoneMarrow_2024-07-26.logistic.rds
USF2	Cervix	USF2_Cervix	/beagle3/haky/users/temi/projects/TFPred-snakemake/data/ENPACT_734_2024-07-26/models/USF2_Cervix/USF2_Cervix_2024-07-26.logistic.rds
USF2	Embryo	USF2_Embryo	/beagle3/haky/users/temi/projects/TFPred-snakemake/data/ENPACT_734_2024-07-26/models/USF2_Embryo/USF2_Embryo_2024-07-26.logistic.rds
USF2	Liver	USF2_Liver	/beagle3/haky/users/temi/projects/TFPred-snakemake/data/ENPACT_734_2024-07-26/models/USF2_Liver/USF2_Liver_2024-07-26.logistic.rds
VDR	Colon	VDR_Colon	/beagle3/haky/users/temi/projects/TFPred-snakemake/data/ENPACT_734_2024-07-26/models/VDR_Colon/VDR_Colon_2024-07-26.logistic.rds
VDR	Prostate	VDR_Prostate	/beagle3/haky/users/temi/projects/TFPred-snakemake/data/ENPACT_734_2024-07-26/models/VDR_Prostate/VDR_Prostate_2024-07-26.logistic.rds
WT1	EmbryonicKidney	WT1_EmbryonicKidney	/beagle3/haky/users/temi/projects/TFPred-snakemake/data/ENPACT_734_2024-07-26/models/WT1_EmbryonicKidney/WT1_EmbryonicKidney_2024-07-26.logistic.rds
YY1	BoneMarrow	YY1_BoneMarrow	/beagle3/haky/users/temi/projects/TFPred-snakemake/data/ENPACT_734_2024-07-26/models/YY1_BoneMarrow/YY1_BoneMarrow_2024-07-26.logistic.rds
YY1	Brain	YY1_Brain	/beagle3/haky/users/temi/projects/TFPred-snakemake/data/ENPACT_734_2024-07-26/models/YY1_Brain/YY1_Brain_2024-07-26.logistic.rds
YY1	Cervix	YY1_Cervix	/beagle3/haky/users/temi/projects/TFPred-snakemake/data/ENPACT_734_2024-07-26/models/YY1_Cervix/YY1_Cervix_2024-07-26.logistic.rds
YY1	Colon	YY1_Colon	/beagle3/haky/users/temi/projects/TFPred-snakemake/data/ENPACT_734_2024-07-26/models/YY1_Colon/YY1_Colon_2024-07-26.logistic.rds
YY1	Embryo	YY1_Embryo	/beagle3/haky/users/temi/projects/TFPred-snakemake/data/ENPACT_734_2024-07-26/models/YY1_Embryo/YY1_Embryo_2024-07-26.logistic.rds
YY1	EmbryonicKidney	YY1_EmbryonicKidney	/beagle3/haky/users/temi/projects/TFPred-snakemake/data/ENPACT_734_2024-07-26/models/YY1_EmbryonicKidney/YY1_EmbryonicKidney_2024-07-26.logistic.rds
YY1	Endometrium	YY1_Endometrium	/beagle3/haky/users/temi/projects/TFPred-snakemake/data/ENPACT_734_2024-07-26/models/YY1_Endometrium/YY1_Endometrium_2024-07-26.logistic.rds
YY1	Liver	YY1_Liver	/beagle3/haky/users/temi/projects/TFPred-snakemake/data/ENPACT_734_2024-07-26/models/YY1_Liver/YY1_Liver_2024-07-26.logistic.rds
YY1	Lung	YY1_Lung	/beagle3/haky/users/temi/projects/TFPred-snakemake/data/ENPACT_734_2024-07-26/models/YY1_Lung/YY1_Lung_2024-07-26.logistic.rds
ZBTB33	Blood	ZBTB33_Blood	/beagle3/haky/users/temi/projects/TFPred-snakemake/data/ENPACT_734_2024-07-26/models/ZBTB33_Blood/ZBTB33_Blood_2024-07-26.logistic.rds
ZBTB33	BoneMarrow	ZBTB33_BoneMarrow	/beagle3/haky/users/temi/projects/TFPred-snakemake/data/ENPACT_734_2024-07-26/models/ZBTB33_BoneMarrow/ZBTB33_BoneMarrow_2024-07-26.logistic.rds
ZBTB33	Brain	ZBTB33_Brain	/beagle3/haky/users/temi/projects/TFPred-snakemake/data/ENPACT_734_2024-07-26/models/ZBTB33_Brain/ZBTB33_Brain_2024-07-26.logistic.rds
ZBTB33	Colon	ZBTB33_Colon	/beagle3/haky/users/temi/projects/TFPred-snakemake/data/ENPACT_734_2024-07-26/models/ZBTB33_Colon/ZBTB33_Colon_2024-07-26.logistic.rds
ZBTB33	Liver	ZBTB33_Liver	/beagle3/haky/users/temi/projects/TFPred-snakemake/data/ENPACT_734_2024-07-26/models/ZBTB33_Liver/ZBTB33_Liver_2024-07-26.logistic.rds
ZBTB33	Lung	ZBTB33_Lung	/beagle3/haky/users/temi/projects/TFPred-snakemake/data/ENPACT_734_2024-07-26/models/ZBTB33_Lung/ZBTB33_Lung_2024-07-26.logistic.rds
ZBTB7A	BoneMarrow	ZBTB7A_BoneMarrow	/beagle3/haky/users/temi/projects/TFPred-snakemake/data/ENPACT_734_2024-07-26/models/ZBTB7A_BoneMarrow/ZBTB7A_BoneMarrow_2024-07-26.logistic.rds
ZBTB7A	EmbryonicKidney	ZBTB7A_EmbryonicKidney	/beagle3/haky/users/temi/projects/TFPred-snakemake/data/ENPACT_734_2024-07-26/models/ZBTB7A_EmbryonicKidney/ZBTB7A_EmbryonicKidney_2024-07-26.logistic.rds
ZBTB7A	Endometrium	ZBTB7A_Endometrium	/beagle3/haky/users/temi/projects/TFPred-snakemake/data/ENPACT_734_2024-07-26/models/ZBTB7A_Endometrium/ZBTB7A_Endometrium_2024-07-26.logistic.rds
ZBTB7A	Liver	ZBTB7A_Liver	/beagle3/haky/users/temi/projects/TFPred-snakemake/data/ENPACT_734_2024-07-26/models/ZBTB7A_Liver/ZBTB7A_Liver_2024-07-26.logistic.rds
ZEB1	Blood	ZEB1_Blood	/beagle3/haky/users/temi/projects/TFPred-snakemake/data/ENPACT_734_2024-07-26/models/ZEB1_Blood/ZEB1_Blood_2024-07-26.logistic.rds
ZEB1	EmbryonicKidney	ZEB1_EmbryonicKidney	/beagle3/haky/users/temi/projects/TFPred-snakemake/data/ENPACT_734_2024-07-26/models/ZEB1_EmbryonicKidney/ZEB1_EmbryonicKidney_2024-07-26.logistic.rds
ZEB1	Liver	ZEB1_Liver	/beagle3/haky/users/temi/projects/TFPred-snakemake/data/ENPACT_734_2024-07-26/models/ZEB1_Liver/ZEB1_Liver_2024-07-26.logistic.rds
ZEB1	Lung	ZEB1_Lung	/beagle3/haky/users/temi/projects/TFPred-snakemake/data/ENPACT_734_2024-07-26/models/ZEB1_Lung/ZEB1_Lung_2024-07-26.logistic.rds
ZEB1	MammaryGland	ZEB1_MammaryGland	/beagle3/haky/users/temi/projects/TFPred-snakemake/data/ENPACT_734_2024-07-26/models/ZEB1_MammaryGland/ZEB1_MammaryGland_2024-07-26.logistic.rds
ZEB2	BoneMarrow	ZEB2_BoneMarrow	/beagle3/haky/users/temi/projects/TFPred-snakemake/data/ENPACT_734_2024-07-26/models/ZEB2_BoneMarrow/ZEB2_BoneMarrow_2024-07-26.logistic.rds
ZEB2	EmbryonicKidney	ZEB2_EmbryonicKidney	/beagle3/haky/users/temi/projects/TFPred-snakemake/data/ENPACT_734_2024-07-26/models/ZEB2_EmbryonicKidney/ZEB2_EmbryonicKidney_2024-07-26.logistic.rds
ZFX	BoneMarrow	ZFX_BoneMarrow	/beagle3/haky/users/temi/projects/TFPred-snakemake/data/ENPACT_734_2024-07-26/models/ZFX_BoneMarrow/ZFX_BoneMarrow_2024-07-26.logistic.rds
ZFX	Breast	ZFX_Breast	/beagle3/haky/users/temi/projects/TFPred-snakemake/data/ENPACT_734_2024-07-26/models/ZFX_Breast/ZFX_Breast_2024-07-26.logistic.rds
ZFX	Cerebellum	ZFX_Cerebellum	/beagle3/haky/users/temi/projects/TFPred-snakemake/data/ENPACT_734_2024-07-26/models/ZFX_Cerebellum/ZFX_Cerebellum_2024-07-26.logistic.rds
ZFX	Colon	ZFX_Colon	/beagle3/haky/users/temi/projects/TFPred-snakemake/data/ENPACT_734_2024-07-26/models/ZFX_Colon/ZFX_Colon_2024-07-26.logistic.rds
ZFX	Kidney	ZFX_Kidney	/beagle3/haky/users/temi/projects/TFPred-snakemake/data/ENPACT_734_2024-07-26/models/ZFX_Kidney/ZFX_Kidney_2024-07-26.logistic.rds
ZFX	Prostate	ZFX_Prostate	/beagle3/haky/users/temi/projects/TFPred-snakemake/data/ENPACT_734_2024-07-26/models/ZFX_Prostate/ZFX_Prostate_2024-07-26.logistic.rds
ZIC2	PeritonealEffusion	ZIC2_PeritonealEffusion	/beagle3/haky/users/temi/projects/TFPred-snakemake/data/ENPACT_734_2024-07-26/models/ZIC2_PeritonealEffusion/ZIC2_PeritonealEffusion_2024-07-26.logistic.rds
ZKSCAN1	BoneMarrow	ZKSCAN1_BoneMarrow	/beagle3/haky/users/temi/projects/TFPred-snakemake/data/ENPACT_734_2024-07-26/models/ZKSCAN1_BoneMarrow/ZKSCAN1_BoneMarrow_2024-07-26.logistic.rds
ZKSCAN1	Breast	ZKSCAN1_Breast	/beagle3/haky/users/temi/projects/TFPred-snakemake/data/ENPACT_734_2024-07-26/models/ZKSCAN1_Breast/ZKSCAN1_Breast_2024-07-26.logistic.rds
ZKSCAN1	Cervix	ZKSCAN1_Cervix	/beagle3/haky/users/temi/projects/TFPred-snakemake/data/ENPACT_734_2024-07-26/models/ZKSCAN1_Cervix/ZKSCAN1_Cervix_2024-07-26.logistic.rds
ZNF143	Blood	ZNF143_Blood	/beagle3/haky/users/temi/projects/TFPred-snakemake/data/ENPACT_734_2024-07-26/models/ZNF143_Blood/ZNF143_Blood_2024-07-26.logistic.rds
ZNF143	BoneMarrow	ZNF143_BoneMarrow	/beagle3/haky/users/temi/projects/TFPred-snakemake/data/ENPACT_734_2024-07-26/models/ZNF143_BoneMarrow/ZNF143_BoneMarrow_2024-07-26.logistic.rds
ZNF143	Cervix	ZNF143_Cervix	/beagle3/haky/users/temi/projects/TFPred-snakemake/data/ENPACT_734_2024-07-26/models/ZNF143_Cervix/ZNF143_Cervix_2024-07-26.logistic.rds
ZNF143	Colon	ZNF143_Colon	/beagle3/haky/users/temi/projects/TFPred-snakemake/data/ENPACT_734_2024-07-26/models/ZNF143_Colon/ZNF143_Colon_2024-07-26.logistic.rds
ZNF143	Embryo	ZNF143_Embryo	/beagle3/haky/users/temi/projects/TFPred-snakemake/data/ENPACT_734_2024-07-26/models/ZNF143_Embryo/ZNF143_Embryo_2024-07-26.logistic.rds
ZNF143	EmbryonicKidney	ZNF143_EmbryonicKidney	/beagle3/haky/users/temi/projects/TFPred-snakemake/data/ENPACT_734_2024-07-26/models/ZNF143_EmbryonicKidney/ZNF143_EmbryonicKidney_2024-07-26.logistic.rds
ZNF263	BoneMarrow	ZNF263_BoneMarrow	/beagle3/haky/users/temi/projects/TFPred-snakemake/data/ENPACT_734_2024-07-26/models/ZNF263_BoneMarrow/ZNF263_BoneMarrow_2024-07-26.logistic.rds
ZNF263	EmbryonicKidney	ZNF263_EmbryonicKidney	/beagle3/haky/users/temi/projects/TFPred-snakemake/data/ENPACT_734_2024-07-26/models/ZNF263_EmbryonicKidney/ZNF263_EmbryonicKidney_2024-07-26.logistic.rds
ZNF317	EmbryonicKidney	ZNF317_EmbryonicKidney	/beagle3/haky/users/temi/projects/TFPred-snakemake/data/ENPACT_734_2024-07-26/models/ZNF317_EmbryonicKidney/ZNF317_EmbryonicKidney_2024-07-26.logistic.rds
ZNF341	EmbryonicKidney	ZNF341_EmbryonicKidney	/beagle3/haky/users/temi/projects/TFPred-snakemake/data/ENPACT_734_2024-07-26/models/ZNF341_EmbryonicKidney/ZNF341_EmbryonicKidney_2024-07-26.logistic.rds
ZNF382	EmbryonicKidney	ZNF382_EmbryonicKidney	/beagle3/haky/users/temi/projects/TFPred-snakemake/data/ENPACT_734_2024-07-26/models/ZNF382_EmbryonicKidney/ZNF382_EmbryonicKidney_2024-07-26.logistic.rds
ZNF467	EmbryonicKidney	ZNF467_EmbryonicKidney	/beagle3/haky/users/temi/projects/TFPred-snakemake/data/ENPACT_734_2024-07-26/models/ZNF467_EmbryonicKidney/ZNF467_EmbryonicKidney_2024-07-26.logistic.rds
ZNF528	EmbryonicKidney	ZNF528_EmbryonicKidney	/beagle3/haky/users/temi/projects/TFPred-snakemake/data/ENPACT_734_2024-07-26/models/ZNF528_EmbryonicKidney/ZNF528_EmbryonicKidney_2024-07-26.logistic.rds
ZNF692	EmbryonicKidney	ZNF692_EmbryonicKidney	/beagle3/haky/users/temi/projects/TFPred-snakemake/data/ENPACT_734_2024-07-26/models/ZNF692_EmbryonicKidney/ZNF692_EmbryonicKidney_2024-07-26.logistic.rds
ZNF711	Breast	ZNF711_Breast	/beagle3/haky/users/temi/projects/TFPred-snakemake/data/ENPACT_734_2024-07-26/models/ZNF711_Breast/ZNF711_Breast_2024-07-26.logistic.rds
ZSCAN22	EmbryonicKidney	ZSCAN22_EmbryonicKidney	/beagle3/haky/users/temi/projects/TFPred-snakemake/data/ENPACT_734_2024-07-26/models/ZSCAN22_EmbryonicKidney/ZSCAN22_EmbryonicKidney_2024-07-26.logistic.rds
